Processo|NumeroInscricao|DtInicio|DtFim
1711010023366011|82643255000560|01012018|
1711010023367011|95828968000117|01012018|
1711010023368011|01911426000160|01012018|
1711010023369011|09258807000284|01012018|
1711010023370011|87788931000184|01012018|
1711010023372011|67562884000149|01012018|
1711010023373011|94354271000199|01012018|
1711010023374011|31199466000191|01012018|
1711010023375011|02433691000142|01012018|
1711010023376011|84433945000278|01012018|
1711010023365021|03018339000103|01012018|
1711010023377011|08723856000105|01012018|
1711010023378011|05140162000149|01012018|
1711010023379011|73289050000104|01012018|
1711010023380011|00183110000136|01012018|
1711010023381011|10852802000264|01012018|
1711010023382011|04878284000174|01012018|
1711010023383011|03968404000161|01012018|
1711010023384011|02308873000868|01012018|
1711010023385011|57077026000155|01012018|
1711010023386011|96832076000152|01012018|
1711010023387011|35029057000106|01012018|
1711010023388011|61130191000109|01012018|
1711010023389011|59280685000110|01012018|
1711010023390011|83883306001566|01012018|
1711010023391021|34274233006569|01012018|
1711010023392011|77934313002608|01012018|
1711010023393011|34274233036042|01012018|
1711010023394011|46009718000140|01012018|
1711010023397011|34274233005910|01012018|
1711010023398011|09427205000122|01012018|
1711010023399011|75109074000160|01012018|
1711010023402011|83108712001551|01012018|
1711010023404011|83108712002604|01012018|
1711010023405011|84429737000386|01012018|
1711010023406011|00348003004299|01012018|
1711010023408011|86186509000196|01012018|
1711010023409011|07731248000171|01012018|
1711010023410011|03798336000482|01012018|
1711010023411011|07731253000184|01012018|
1711010023413011|05831339000153|01012018|
1711010023414011|62465117000106|01012018|
1711010023416011|43728245000142|01012018|
1711010023418011|43300581000190|01012018|
1711020023419011|82740903000335|01012018|
1711020023420011|85307098000187|01012018|
1711010023371031|05268526000766|01012018|
1711010023421021|06553614000187|01012018|
1711030023422011|07681924000140|01012018|
1711030023423011|07450778000141|01012018|
1711010023424011|71385637000353|01012018|
1711010023425011|71385637000434|01012018|
1711030023426011|47254545000198|01012018|
1711010023427011|71385637000515|01012018|
1711010023428011|71385637000787|01012018|
1711010023429011|71385637000272|01012018|
1711030023430011|67629253000108|01012018|
1711010023431011|07718633000260|01012018|
1711010023432011|07718633000189|01012018|
1711030023433011|07718633000340|01012018|
1711030023434011|07718633000421|01012018|
1711030023435011|07718633000502|01012018|
1711030023436011|77858611001414|01012018|
1711030023437011|07718633000693|01012018|
1711030023438011|07718633000774|01012018|
1711030023439011|17034086000176|01012018|
1711030023440011|07718633000855|01012018|
1711030023441011|15568217000250|01012018|
1711030023442021|07718633001070|01012018|
1711030023443021|07718633001150|01012018|
1711030023444011|12601233000129|01012018|
1711030023445011|07718633001312|01012018|
1711030023446011|62539994000419|01012018|
1711030023447011|07718633001401|01012018|
1711030023448011|48172464000292|01012018|
1711030023449011|02076111000107|01012018|
1711030023450011|07718633001584|01012018|
1711030023451011|88628805000125|01012018|
1711030023452011|02395462000180|01012018|
1711030023454011|78811395000108|01012018|
1711030023455011|61620753001247|01012018|
1711030023456011|04385585000166|01012018|
1711030023457011|58130782000244|01012018|
1711030023453021|52059268000526|01012018|
1711030023459011|07718633001665|01012018|
1711060023460011|07718633001746|01012018|
1711060023461011|07718633001827|01012018|
1711060023462021|07718633002122|01012018|
1711060023463011|07718633002203|01012018|
1711060023464011|07718633002556|01012018|
1711060023466011|33438250001139|01012018|
1711060023467011|10265949000177|01012018|
1711060023465031|07718633002718|01012018|
1711060023468011|07718633002807|01012018|
1711060023469011|07718633002980|01012018|
1711060023470011|33438250001309|01012018|
1711060023471011|33438250002453|01012018|
1711060023472011|07718633003013|01012018|
1711060023473011|11592963000148|01012018|
1711060023474011|33438250003344|01012018|
1711060023475011|83647552000113|01012018|
1711060023476011|07718633003102|01012018|
1711060023477011|33438250009202|01012018|
1711060023478011|07718633003285|01012018|
1711060023479011|33438250014389|01012018|
1711060023480011|33438250016160|01012018|
1711060023481011|07718633003366|01012018|
1711060023482011|33438250017132|01012018|
1711060023483011|33438250017485|01012018|
1711060023484011|07718633003447|01012018|
1711030023485011|05266880000166|01012018|
1711060023486011|33438250024856|01012018|
1711060023487011|33438250027367|01012018|
1711060023488011|33438250028096|01012018|
1711060023489011|07718633003609|01012018|
1711060023490011|33438250028681|01012018|
1711060023491011|07718633003790|01012018|
1711060023492011|07718633003951|01012018|
1711060023493011|07718633004095|01012018|
1711060023494011|93561215000162|01012018|
1711060023495011|07718633004176|01012018|
1711060023496011|33438250033928|01012018|
1711060023497011|07718633004338|01012018|
1711060023498011|33438250034495|01012018|
1711060023499011|58126020000193|01012018|
1711060023500011|33438250036439|01012018|
1711060023501011|07718633004419|01012018|
1711060023502011|33438250047120|01012018|
1711060023503011|33438250049417|01012018|
1711060023504011|07718633004508|01012018|
1711010023505011|03763491000200|01012018|
1711060023506011|07718633004761|01012018|
1711060023507011|07718633004923|01012018|
1711060023508011|07718633005229|01012018|
1711060023509011|07718633005300|01012018|
1711060023510021|07718633005571|01012018|
1711060023511011|07718633005652|01012018|
1711060023512011|52717659000752|01012018|
1711060023513011|07718633005733|01012018|
1711060023514011|07718633005814|01012018|
1711060023516011|07718633005903|01012018|
1711060023517011|61412110001208|01012018|
1711060023518011|61412110006439|01012018|
1711060023519011|61412110009535|01012018|
1711060023520011|61412110011270|01012018|
1711060023522011|61412110013800|01012018|
1711060023523011|61412110017392|01012018|
1711060023524011|61412110017473|01012018|
1711060023521021|07718633006039|01012018|
1711060023525011|61412110019689|01012018|
1711060023526011|61412110020008|01012018|
1711060023527011|61412110025069|01012018|
1711060023528011|61412110027940|01012018|
1711060023529011|61412110029560|01012018|
1711060023530011|61412110029641|01012018|
1711060023515021|52717659000590|01012018|
1711010023531011|96754734001964|01012018|
1711060023532011|61412110032782|01012018|
1711060023533011|05169759000116|01012018|
1711010023534011|07924408000107|01012018|
1711060023535011|75170191000139|01012018|
1711060023536011|61412110041501|01012018|
1711060023537011|61412110046902|01012018|
1711060023538011|61412110047038|01012018|
1711060023539011|61412110048190|01012018|
1711060023540011|61412110057505|01012018|
1711060023541011|61412110065877|01012018|
1711060023542011|08419273000500|01012018|
1711060023543011|04043327000100|01012018|
1711060023544011|04872297000136|01012018|
1711060023545011|59107300000389|01012018|
1711060023546011|47180625002009|01012018|
1711060023547011|47180625002190|01012018|
1711010023548011|06127582000662|01012018|
1711060023549011|00933353000144|01012018|
1711010023550011|84812908000190|01012018|
1711060023551011|01226768000140|01012018|
1711060023552011|08419673000192|01012018|
1711060023553011|10407005000197|01012018|
1711060023554011|41037250000183|01012018|
1711070023555021|61412110052384|01012018|
1711010023556011|88674080000101|01012018|
1711070023557011|64700735000291|01012018|
1711070023558011|47881602000169|01012018|
1711070023559011|92190503000195|01012018|
1711070023561011|59280685000209|01012018|
1711070023562021|05677591000311|01012018|
1711070023560021|05677591001636|01012018|
1711070023563011|05677591002284|01012018|
1711070023564011|05677591002527|01012018|
1711070023565011|03069071000139|01012018|
1711060023566011|49219538000180|01012018|
1711070023567011|07158073001399|01012018|
1711030023568011|07158073000155|01012018|
1711070023569011|61506481000104|01012018|
1711070023570011|61506481002735|01012018|
1711070023572011|61506481001844|01012018|
1711070023573011|06313226000129|01012018|
1711060023575011|60881992000135|01012018|
1711070023576011|04287849000149|01012018|
1711070023577011|60870847000159|01012018|
1711070023578011|59105999000348|01012018|
1711070023579011|07981751000185|01012018|
1711070023580011|60480746000171|01012018|
1711070023581011|70940994005170|01012018|
1711070023582011|08910541001483|01012018|
1711070023583011|65628950000100|01012018|
1711070023589011|59106666001577|01012018|
1711080023590011|03801629000200|01012018|
1711080023591011|01497282000147|01012018|
1711080023592011|29060647000190|01012018|
1711080023593011|13714612000198|01012018|
1711080023594011|02851704000101|01012018|
1711080023596011|02143616000813|01012018|
1711080023598011|59105999003959|01012018|
1711020023599011|33115726000129|01012018|
1711060023600011|05440065000171|01012018|
1711080023601011|76061480000162|01012018|
1711080023602011|19881671000137|01012018|
1711080023603011|10904181000134|01012018|
1711080023604011|07063925000120|01012018|
1711080023605011|90816133000123|01012018|
1711010023607011|05050395000150|01012018|
1711080023608011|08299507000108|01012018|
1711080023610011|21000468001047|01012018|
1711080023613011|06176436000112|01012018|
1711080023614011|59105999005650|01012018|
1711080023617011|59105999005730|01012018|
1711080023618011|61413282000143|01012018|
1711080023619011|61413282000739|01012018|
1711080023620011|02183510000177|01012018|
1711080023621011|61413282001620|01012018|
1711080023622011|61413282001972|01012018|
1711080023623011|61413282003088|01012018|
1711080023625011|33022203000138|01012018|
1711080023626011|76814284000111|01012018|
1711080023595021|08677372000169|01012018|
1711080023627011|28127603002626|01012018|
1711010023628011|04882084000195|01012018|
1711080023624021|46151130000126|01012018|
1711080023629011|92341312000187|01012018|
1711080023630011|12226693000114|01012018|
1711080023631011|00348003012399|01012018|
1711080023632011|95610887000146|01012018|
1711070023634011|10375387000114|01012018|
1711080023636011|88104328001332|01012018|
1711080023637011|88104328000107|01012018|
1711080023639011|04970016000188|01012018|
1711010023640011|02359209000171|01012018|
1711010023643011|17161936000873|01012018|
1711010023417021|71385637000191|01012018|
1711010023644021|71385637000949|01012018|
1711010023645011|02728677000176|01012018|
1711090023646011|00165960001850|01012018|
1711090023647011|07424099000106|01012018|
1711090023649011|82901000001280|01012018|
1711090023652011|61602199003723|01012018|
1711090023655011|31702947000410|01012018|
1711010023657011|76483817000120|01012018|
1711090023658011|74404229000128|01012018|
1711090023662011|50931310000106|01012018|
1711060023663011|95428231001936|01012018|
1711090023664011|74652090000131|01012018|
1711090023665011|88618285000412|01012018|
1711070023666011|92411974000186|01012018|
1711090023667011|21100821000170|01012018|
1711090023668011|50949528000180|01012018|
1711090023669011|50949528000856|01012018|
1711020023670011|59104273000129|01012018|
1711070023671011|59104273001443|01012018|
1711070023571021|61506481010916|01012018|
1711090023672011|58900754000188|01012018|
1711070023673011|59104273003730|01012018|
1711060023674011|61150751000260|01012018|
1711090023675011|46958948000155|01012018|
1711090023676011|91155259000671|01012018|
1711090023677011|61160438000806|01012018|
1711090023678011|45070190000232|01012018|
1711090023679011|03279946000399|01012018|
1711090023680011|18304758000189|01012018|
1711090023681011|45070190000828|01012018|
1711070023682011|59106666000171|01012018|
1711090023683011|12613006000113|01012018|
1711090023684011|09250085000130|01012018|
1711090023685011|00171428000105|01012018|
1711090023686011|09379165000190|01012018|
1711090023687011|01401630000130|01012018|
1711090023688011|01401630000211|01012018|
1711090023689011|01401630000483|01012018|
1711060023690011|00005275000118|01012018|
1711090023691011|09507195000135|01012018|
1711100023692011|46721551000145|01012018|
1711100023693011|02118664000185|01012018|
1711080023694011|26232744000125|01012018|
1711080023695011|01080385000107|01012018|
1711100023696011|37630118000537|01012018|
1711100023697011|37630118000103|01012018|
1711100023700011|76622968000111|01012018|
1711060023701011|12393289000135|01012018|
1711100023702011|03279946000127|01012018|
1711100023703021|02068925000108|01012018|
1711090023704011|92782705000126|01012018|
1711100023705011|79667655000178|01012018|
1711100023706011|07600720000137|01012018|
1711010023707011|57373375000203|01012018|
1711100023708011|71522460000128|01012018|
1711100023709011|00694303000151|01012018|
1711010023710011|76767219000263|01012018|
1711010023716011|08471163000750|01012018|
1711010023718011|55905350000199|01012018|
1711100023721011|09103964000130|01012018|
1711100023728011|09103964000482|01012018|
1711100023729011|90467150000445|01012018|
1711100023730011|84584515000176|01012018|
1711100023731011|95597571000242|01012018|
1711130023732011|83050278000109|01012018|
1711010023733011|84512037000199|01012018|
1711070023734011|05268526000847|01012018|
1711090023735011|51169555000100|01012018|
1711130023736011|84043009000170|01012018|
1711130023737011|83305052000101|01012018|
1711130023738011|74606583000135|01012018|
1711130023740011|78616760000115|01012018|
1711130023741011|83102491000109|01012018|
1711130023739021|83310441006662|01012018|
1711130023742011|07204686000181|01012018|
1711130023743011|02521510000130|01012018|
1711010023744041|00453469000500|01012018|
1711100023745011|82745886000248|01012018|
1711130023746011|03208166000196|01012018|
1711090023747011|89238133000104|01012018|
1711130023748011|43251230000306|01012018|
1711130023749011|61105474000192|01012018|
1711130023751011|72115025000141|01012018|
1711090023752011|05268526000251|01012018|
1711130023753011|72256654000191|01012018|
1711030023754011|89850341000160|01012018|
1711060023755011|08636452001300|01012018|
1711100023756011|03490958000104|01012018|
1711060023757011|08636452002039|01012018|
1711060023759011|08636452002705|01012018|
1711130023760011|08636452000923|01012018|
1711130023758021|73946238000188|01012018|
1711130023761011|08636452001814|01012018|
1711130023762011|08636452001903|01012018|
1711060023763011|62367032000187|01012018|
1711130023750031|96713839000146|01012018|
1711130023765011|08636452003000|01012018|
1711130023766011|63699839000180|01012018|
1711130023768011|60985017000177|01012018|
1711130023769011|00831373003715|01012018|
1711130023770011|81604803000157|01012018|
1711080023771011|09426032000128|01012018|
1711130023772011|09641520000158|01012018|
1711130023773011|00831373007117|01012018|
1711090023774011|73511735000153|01012018|
1711130023775011|02405085000113|01012018|
1711140023776011|65573776000146|01012018|
1711140023777011|98513187000474|01012018|
1711140023778011|05309751000108|01012018|
1711130023779011|01526169000142|01012018|
1711140023780011|15579674000160|01012018|
1711140023782011|03620142000140|01012018|
1711140023783011|19158435000197|01012018|
1711130023781021|82891805000137|01012018|
1711140023784011|61576369000131|01012018|
1711140023785011|60501707000103|01012018|
1711140023786011|02750009000145|01012018|
1711130023767031|73946204000193|01012018|
1711130023787011|60880416000173|01012018|
1711140023788021|51332203000116|01012018|
1711140023790011|01838723025111|01012018|
1711060023789021|01838723024140|01012018|
1711140023791011|01838723024816|01012018|
1711140023792011|21228861000100|01012018|
1711010023793011|58852518001024|01012018|
1711090023794011|20556704000152|01012018|
1711140023795011|89850341001212|01012018|
1711140023796011|20294088000109|01012018|
1711130023797011|71448260000172|01012018|
1711140023798021|89673164000193|01012018|
1711140023799011|17393547000105|01012018|
1711130023800011|07298800000180|01012018|
1711130023801011|08745465000183|01012018|
1711140023802011|02151955000175|01012018|
1711140023803011|47067525014672|01012018|
1711140023805011|90347840000380|01012018|
1711140023806011|90347840000541|01012018|
1711140023807011|90347840000703|01012018|
1711140023808011|90347840000894|01012018|
1711140023809011|00099708000141|01012018|
1711140023810011|90347840001785|01012018|
1711140023811011|90347840002080|01012018|
1711140023812011|47067525007897|01012018|
1711140023813011|90347840002242|01012018|
1711140023814011|90347840002595|01012018|
1711140023815011|90347840004296|01012018|
1711080023816011|61246245000198|01012018|
1711140023817011|90347840005268|01012018|
1711140023818011|90347840006582|01012018|
1711140023819011|90347840006663|01012018|
1711140023820011|90347840006906|01012018|
1711140023822011|19157650001064|01012018|
1711140023821021|87612834000136|01012018|
1711140023823011|10279522000209|01012018|
1711140023824011|05488486000172|01012018|
1711150023825011|02646208000108|01012018|
1711140023826011|59748988000114|01012018|
1711050023827011|77167203000100|01012018|
1711080023828011|76635689000192|01012018|
1711080023829011|76635689001245|01012018|
1711080023830011|76635689001598|01012018|
1711110023831011|07976147000594|01012018|
1711110023832011|07976147002104|01012018|
1711150023833011|07976147002538|01012018|
1711110023834011|07976147002880|01012018|
1711150023835011|07976147003429|01012018|
1711150023836011|07976147003771|01012018|
1711110023837011|07976147004310|01012018|
1711150023838011|07976147004409|01012018|
1711150023839011|07976147005715|01012018|
1711150023840011|07976147005804|01012018|
1711150023841011|07976147006363|01012018|
1711030023842011|83930214000194|01012018|
1711030023844011|83892174000133|01012018|
1711050023845011|06129569000219|01012018|
1711110023846011|10965693000887|01012018|
1711110023847011|10965693001263|01012018|
1711110023848011|10965693001344|01012018|
1711110023849011|10965693001425|01012018|
1711090023850011|59965038000222|01012018|
1711090023851011|59965038000818|01012018|
1711090023852011|59965038001202|01012018|
1711090023853011|59965038002357|01012018|
1711090023854011|59965038004139|01012018|
1711090023855011|59965038004481|01012018|
1711150023856011|09011730000324|01012018|
1711150023857011|09011730000910|01012018|
1711140023858011|47067525007200|01012018|
1711140023804021|47067525005410|01012018|
1711080023859011|66482613000110|01012018|
1711160023860011|27075910000351|01012018|
1711080023861011|02904034000136|01012018|
1711160023862011|01838723015310|01012018|
1711080023863011|66494923000155|01012018|
1711060023864011|01838723015400|01012018|
1711160023865011|15171093000194|01012018|
1711160023866011|01838723021396|01012018|
1711160023867011|87723474000140|01012018|
1711160023868011|01838723022449|01012018|
1711160023869011|01838723026940|01012018|
1711160023870011|80002884000152|01012018|
1711160023871011|01838723028056|01012018|
1711160023872011|01838723025979|01012018|
1711140023873011|05268526000332|01012018|
1711160023874011|04813138000160|01012018|
1711160023877011|05268526000502|01012018|
1711160023879011|05268526000685|01012018|
1711160023880011|01203327000123|01012018|
1711130023881011|44373108000103|01012018|
1711160023882011|05268526001223|01012018|
1711160023883011|01838723011838|01012018|
1711160023884011|44214708000200|01012018|
1711160023885011|01838723018921|01012018|
1711160023886011|61074829001103|01012018|
1711160023887011|84686443000178|01012018|
1711160023888011|05268526001304|01012018|
1711160023889011|01838723017100|01012018|
1711160023891011|01838723001875|01012018|
1711150023878021|54516661000284|01012018|
1711160023892011|01838723002090|01012018|
1711160023893011|01838723006672|01012018|
1711160023894011|05268526000928|01012018|
1711160023895011|02592047000117|01012018|
1711160023897011|16551249000125|01012018|
1711160023898011|03977136000144|01012018|
1711160023899011|49401052000169|01012018|
1711130023900011|76902204000180|01012018|
1711080023901011|00924429000175|01012018|
1711160023902011|03290201000169|01012018|
1711160023903011|00924429000337|01012018|
1711160023904011|19540653000191|01012018|
1711160023905011|00924429000922|01012018|
1711030023906011|58163767000111|01012018|
1711160023907011|90393687000165|01012018|
1711160023908011|77856995000111|01012018|
1711160023909011|77856995000979|01012018|
1711160023910011|00960572000112|01012018|
1711160023911011|77856995001789|01012018|
1711160023913011|77856995002327|01012018|
1711140023912021|44803922000102|01012018|
1711160023914011|77856995003560|01012018|
1711160023915011|77856995000464|01012018|
1711140023916011|11124629001050|01012018|
1711160023917011|11124629000836|01012018|
1711160023918011|45273406000186|01012018|
1711160023919011|01838723037632|01012018|
1711160023921011|01838723033998|01012018|
1711160023920021|47376389000138|01012018|
1711160023923011|01838723044680|01012018|
1711160023924011|01838723039414|01012018|
1711160023926011|60394723000144|01012018|
1711160023927021|12213317000276|01012018|
1711070023928011|83543546000116|01012018|
1711160023929011|95837506000166|01012018|
1711160023922021|01936465000111|01012018|
1711160023925021|01936465000464|01012018|
1711160023930011|03655006000195|01012018|
1711070023584041|57508426000259|01012018|
1711070023585031|57508426000330|01012018|
1711070023586031|57508426000500|01012018|
1711070023587021|57508426000682|01012018|
1711070023588051|57508426000763|01012018|
1711070023606031|57508426000844|01012018|
1711070023609031|57508426001069|01012018|
1711100023931011|79827473000117|01012018|
1711090023932011|92257641000144|01012018|
1711170023933021|04641376000993|01012018|
1711170023934011|02077618000428|01012018|
1711170023935011|04641376006339|01012018|
1711170023936011|04641376001108|01012018|
1711010023400021|41025313000181|01012018|
1711060023937011|07164882000170|01012018|
1711170023938021|04641376004123|01012018|
1711090023648021|82901000000127|01012018|
1711170023939011|04641376008200|01012018|
1711090023650021|82901000001441|01012018|
1711170023940011|62445838000146|01012018|
1711140023941011|87870952000144|01012018|
1711170023942011|04262925000161|01012018|
1711130023764021|00763251000128|01012018|
1711160023943011|87870952001469|01012018|
1711090023653031|82901000002251|01012018|
1711170023945011|12715510000124|01012018|
1711170023947011|00763251000632|01012018|
1711170023948011|87826541000151|01012018|
1711140023950011|96238134000114|01012018|
1711130023951011|85778595000910|01012018|
1711170023952011|10931741000140|01012018|
1711170023953021|02077618002803|01012018|
1711140023954011|51466860000156|01012018|
1711170023955011|02077618001408|01012018|
1711170023956011|02077618002471|01012018|
1711060023957011|06538082000370|01012018|
1711090023651031|82901000001522|01012018|
1711170023958011|02077618002986|01012018|
1711010023415021|04647090000168|01012018|
1711170023959011|02077618004415|01012018|
1711140023960011|76483726000194|01012018|
1711170023961011|02077618004768|01012018|
1711170023963011|72144066000166|01012018|
1711170023962021|04641376001450|01012018|
1711170023964011|81574089000282|01012018|
1711170023965021|56380132000140|01012018|
1711010023966011|02176615000107|01012018|
1711170023967011|78897600000272|01012018|
1711080023611041|57508426001140|01012018|
1711060023969011|15440708000130|01012018|
1711080023612041|57508426001220|01012018|
1711080023615031|57508426001301|01012018|
1711080023616021|57508426001573|01012018|
1711080023633031|57508426001654|01012018|
1711080023635021|57508426002030|01012018|
1711080023638041|57508426002111|01012018|
1711080023875021|57508426002200|01012018|
1711170023970021|04641376013971|01012018|
1711170023968021|04641376006410|01012018|
1711080023641031|57508426002545|01012018|
1711080023642031|57508426002626|01012018|
1711090023654041|57508426002898|01012018|
1711090023656031|57508426002979|01012018|
1711090023890021|57508426003274|01012018|
1711090023659021|57508426003436|01012018|
1711090023876021|57508426003517|01012018|
1711090023660021|57508426004084|01012018|
1711090023661021|57508426004246|01012018|
1711170023971011|02077618001661|01012018|
1711170023972011|04641376009605|01012018|
1711090023973011|03477084000147|01012018|
1711170023974011|03477084001542|01012018|
1711180023984011|76098219002261|01012018|
1711010023985011|76098219004639|01012018|
1711180023986011|76098219004396|01012018|
1711180023987011|76098219005015|01012018|
1711180023988011|76098219004710|01012018|
1711180023989011|76098219000641|01012018|
1711180023990011|76098219004981|01012018|
1711010023991011|08174089000114|01012018|
1711150023992011|08174089000203|01012018|
1711150023993011|08174089000467|01012018|
1711150023994011|08174089000548|01012018|
1711010023995011|08174089001781|01012018|
1711150023996011|08174089002087|01012018|
1711010023997011|08174089002249|01012018|
1711150023998011|08174089002320|01012018|
1711060023999011|08174089002400|01012018|
1711150024000011|86183449000158|01012018|
1711150024001011|86183449000581|01012018|
1711150024002011|86183449001200|01012018|
1711150024003011|86183449001391|01012018|
1711150024004011|03097354000194|01012018|
1711150024005011|52312907000190|01012018|
1711150024006011|04980127000175|01012018|
1711150024007011|94870557000127|01012018|
1711150024008011|62588793000169|01012018|
1711080024009011|16880735000197|01012018|
1711080024010011|16880735000359|01012018|
1711080024011011|16880735000430|01012018|
1711080024012011|16880735000510|01012018|
1711080024013011|05160935000159|01012018|
1711080024014011|05160935000310|01012018|
1711080024015011|05160935000744|01012018|
1711080024016011|05160935001716|01012018|
1711080024017011|05160935002011|01012018|
1711080024018011|05160935003760|01012018|
1711110024019011|54360623000870|01012018|
1711110024020011|54360623002229|01012018|
1711110024021011|54360623003110|01012018|
1711110024022011|54360623003209|01012018|
1711110024023011|54360623003977|01012018|
1711110024024011|54360623004000|01012018|
1711110024025011|54360623004353|01012018|
1711090024026011|05460034000182|01012018|
1711090024027011|05460034000263|01012018|
1711090024028011|15100972000125|01012018|
1711090024029011|81159857000150|01012018|
1711090024030011|81159857000908|01012018|
1711090024031011|19350180000836|01012018|
1711090024032011|19350180001050|01012018|
1711090024033011|19350180004904|01012018|
1711080024034011|57485708000105|01012018|
1711090024035011|47063342000114|01012018|
1711110024036011|03229127000175|01012018|
1711110024037011|03221900000157|01012018|
1711150024038011|07707650004299|01012018|
1711150024039011|07707650009339|01012018|
1711050024040011|72343882000107|01012018|
1711050024041011|72343882000794|01012018|
1711010024042011|01145506000151|01012018|
1711200024044011|04695085000120|01012018|
1711010024045011|12049167000126|01012018|
1711010024046011|02949016000170|01012018|
1711170024047021|02949016000251|01012018|
1711170024048011|02949016000332|01012018|
1711170024049011|82637109000107|01012018|
1711200024050011|10467099000190|01012018|
1711170024052011|04641376009435|01012018|
1711090024054011|00993264000274|01012018|
1711200024055011|86375078000106|01012018|
1711010023401021|83108712000156|01012018|
1711010023403021|83108712002361|01012018|
1711010023396021|84429737000203|01012018|
1711010023395021|84429737000114|01012018|
1711200024056021|02302647000284|01012018|
1711200024057011|02220017000180|01012018|
1711200024058011|04629488000171|01012018|
1711200024059011|50377142001031|01012018|
1711200024060011|88243688000181|01012018|
1711030023843021|75285965000177|01012018|
1711210024062011|47074851000142|01012018|
1711010024063011|83646984000703|01012018|
1711010024064011|83646984000967|01012018|
1711210024065011|47074851001386|01012018|
1711210024066011|95433231000103|01012018|
1711070024067011|67522904000158|01012018|
1711120024068011|00913443000173|01012018|
1711140024069011|89850341001646|01012018|
1711200024071011|33870809000123|01012018|
1711210024073011|60857349000176|01012018|
1711210024074011|04031258000106|01012018|
1711210024075011|83310441002241|01012018|
1711200024076011|12285276000142|01012018|
1711080023597021|45780103000150|01012018|
1711210024072021|15689185000160|01012018|
1711180024077011|82643537000134|01012018|
1711010024078011|83646984001424|01012018|
1711010024080011|83646984001505|01012018|
1711210024079021|00087181000135|01012018|
1711010024081011|83646984001696|01012018|
1711090024082011|83646984001939|01012018|
1711090024083011|83646984003044|01012018|
1711170024084011|02077618000266|01012018|
1711210024085011|18104802000964|01012018|
1711090024086011|83646984002072|01012018|
1711210024087011|89842439000175|01012018|
1711090024088011|83646984002153|01012018|
1711090024089011|83646984002234|01012018|
1711090024090011|83646984003478|01012018|
1711200024091011|02077618003443|01012018|
1711210024092011|60857349001148|01012018|
1711160024093011|77883320000595|01012018|
1711160024094011|77883320000838|01012018|
1711160024095011|77883320001052|01012018|
1711170024096011|77883320002105|01012018|
1711210024097011|08578982000105|01012018|
1711010024098011|83310441006409|01012018|
1711210024099011|92685833000151|01012018|
1711210024100011|92685833001204|01012018|
1711140024101011|10539550000137|01012018|
1711210024103011|73274623000126|01012018|
1711060024104011|08082708000140|01012018|
1711040024105011|11252642000285|01012018|
1711140024106011|63388441000122|01012018|
1711040024107011|11252642000870|01012018|
1711210024108011|00549740000343|01012018|
1711040024109011|11252642001095|01012018|
1711010024110011|72679145000171|01012018|
1711170024111011|60779014000187|01012018|
1711170024112011|63388441000556|01012018|
1711040024113011|01285366000117|01012018|
1711080024114011|01031503000197|01012018|
1711100024115011|05208294000165|01012018|
1711090024116011|28835676000203|01012018|
1711130024117011|02599353000185|01012018|
1711210024118011|02688804000150|01012018|
1711030024119011|17153081000162|01012018|
1711090024120011|30034847000662|01012018|
1711130024121011|04826023000100|01012018|
1711120024122011|59476770000158|01012018|
1711210024123011|39634928000163|01012018|
1711120024124011|59476770003840|01012018|
1711120024125011|59476770003920|01012018|
1711120024126011|59476770004064|01012018|
1711210024127011|00348003003993|01012018|
1711210024128011|01462285000145|01012018|
1711160024129011|58998683000106|01012018|
1711110024130011|01358874000188|01012018|
1711110024131011|01358874001230|01012018|
1711210024132011|01616929000102|01012018|
1711110024133011|01358874001664|01012018|
1711210024134011|03129628000180|01012018|
1711090023719071|83310441002594|01012018|
1711210024135011|62087242000111|01012018|
1711210024136011|09128420000122|01012018|
1711210024138011|87124582000104|01012018|
1711210024140011|57506115000170|01012018|
1711170024141011|82640558000104|01012018|
1711210024142011|03802018000103|01012018|
1711080024143011|03541406000170|01012018|
1711040024144011|02856274000102|01012018|
1711090024145011|02343359000197|01012018|
1711090024146011|02343359000359|01012018|
1711090024148011|02343359000430|01012018|
1711080024149011|78791712000325|01012018|
1711210024147021|19551813000106|01012018|
1711090024150011|75104422000106|01012018|
1711160024151011|14061388000145|01012018|
1711090024152011|60899937000172|01012018|
1711110024153011|60899937000253|01012018|
1711110024154011|60899937000504|01012018|
1711120024155011|10144076000144|01012018|
1711120024156011|10144076000225|01012018|
1711120024157011|33033028000184|01012018|
1711120024158011|33033028002047|01012018|
1711120024159011|33033028004252|01012018|
1711120024160011|33033028007510|01012018|
1711120024161011|33033028008169|01012018|
1711130024162011|52548435000411|01012018|
1711130024163011|52548435002112|01012018|
1711140024164011|52548435002546|01012018|
1711140024165011|52548435002708|01012018|
1711140024166011|52548435004751|01012018|
1711140024167011|52548435005561|01012018|
1711140024168011|52548435006371|01012018|
1711140024169011|52548435007181|01012018|
1711140024170011|52548435008072|01012018|
1711140024171011|52548435009630|01012018|
1711140024172011|52548435009982|01012018|
1711140024173011|52548435010646|01012018|
1711140024174011|52548435010999|01012018|
1711140024175011|52548435011294|01012018|
1711140024176011|52548435012002|01012018|
1711140024177011|52548435012266|01012018|
1711140024178011|52548435014129|01012018|
1711140024179011|52548435014200|01012018|
1711140024180011|52548435015524|01012018|
1711140024182011|52548435016849|01012018|
1711140024183011|52548435016920|01012018|
1711140024184011|52548435017063|01012018|
1711140024185011|52548435019783|01012018|
1711140024186011|52548435019945|01012018|
1711140024187011|52548435021095|01012018|
1711140024188011|52548435022229|01012018|
1711070024189011|33009911001704|01012018|
1711070024190011|33009911001887|01012018|
1711070024191011|33009911002000|01012018|
1711070024192011|33009911002697|01012018|
1711070024193011|33009911004126|01012018|
1711070024194011|33009911004711|01012018|
1711070024195011|33009911005440|01012018|
1711070024196011|33009911005874|01012018|
1711070024197011|33009911006412|01012018|
1711080024198011|33009911006501|01012018|
1711080024199011|33009911006684|01012018|
1711080024200011|33009911007818|01012018|
1711080024201011|33009911010363|01012018|
1711080024202011|33009911025395|01012018|
1711080024203011|33009911030631|01012018|
1711080024204011|33009911033819|01012018|
1711080024205011|33009911035277|01012018|
1711080024206011|33009911045663|01012018|
1711210024207011|30074561000104|01012018|
1711080024208011|03017677000120|01012018|
1711220024209011|71774004000175|01012018|
1711080024210011|58160789000128|01012018|
1711080024211011|58160789000470|01012018|
1711080024212011|58160789000551|01012018|
1711080024213011|58160789000632|01012018|
1711080024214011|58160789000713|01012018|
1711080024215011|58160789001361|01012018|
1711080024216011|58160789001442|01012018|
1711080024217011|58160789001523|01012018|
1711080024218011|58160789001795|01012018|
1711080024219011|58160789002333|01012018|
1711080024220011|58160789002929|01012018|
1711080024221011|58160789004034|01012018|
1711080024222011|58160789005197|01012018|
1711080024223011|58160789005278|01012018|
1711080024224011|58160789005510|01012018|
1711080024225011|58160789006088|01012018|
1711080024226011|58160789006169|01012018|
1711080024227011|58160789006592|01012018|
1711080024228011|58160789007564|01012018|
1711080024229011|58160789008706|01012018|
1711080024230011|58160789009699|01012018|
1711080024231011|58160789010000|01012018|
1711080024232011|58160789010514|01012018|
1711080024233011|58160789013025|01012018|
1711080024234011|58160789013610|01012018|
1711080024235011|58160789014340|01012018|
1711080024236011|58160789014420|01012018|
1711080024237011|58160789015907|01012018|
1711090024238011|83646984003710|01012018|
1711210024239011|47874037000102|01012018|
1711080024240011|58160789017101|01012018|
1711090024241011|83646984004954|01012018|
1711090024242011|83646984006736|01012018|
1711090024243011|83646984006906|01012018|
1711130024244011|83646984007201|01012018|
1711210024245011|03802018001762|01012018|
1711210024246011|02812468000106|01012018|
1711080024248011|03783850000100|01012018|
1711010024249011|83646984000290|01012018|
1711150024250011|03786187000199|01012018|
1711220024251011|02812468000378|01012018|
1711080024252011|03776284001172|01012018|
1711080024253011|78391612000140|01012018|
1711080024254011|78391612004218|01012018|
1711080024255011|10319900000150|01012018|
1711210024139021|00666210000113|01012018|
1711110024256011|01844555000506|01012018|
1711040024257011|02879250000330|01012018|
1711040024258011|02879250000500|01012018|
1711210024259011|03776284004350|01012018|
1711040024260011|02879250000683|01012018|
1711040024261011|02879250000845|01012018|
1711220024262011|28067056000182|01012018|
1711040024263011|02879250001060|01012018|
1711040024264011|02879250001302|01012018|
1711040024265011|02879250001574|01012018|
1711220024266011|60394723000659|01012018|
1711040024267011|02879250001655|01012018|
1711040024268011|02879250001906|01012018|
1711040024269011|02879250002899|01012018|
1711040024270011|02879250002970|01012018|
1711220024271011|16614075000100|01012018|
1711220024272011|16614075000526|01012018|
1711040024273011|02879250003275|01012018|
1711220024274011|16614075000607|01012018|
1711040024276011|02879250003607|01012018|
1711040024277011|02879250003780|01012018|
1711040024278011|02879250003860|01012018|
1711040024279011|02879250004085|01012018|
1711220024280011|10343537000108|01012018|
1711040024281011|02879250004166|01012018|
1711040024282011|02879250004409|01012018|
1711220024283011|03872978000131|01012018|
1711040024284011|02879250004590|01012018|
1711220024285011|13457942000145|01012018|
1711040024286011|02879250004670|01012018|
1711040024288011|02879250004832|01012018|
1711220024289011|09117125000170|01012018|
1711040024290011|02879250004913|01012018|
1711220024291011|07752928000171|01012018|
1711040024292011|02879250005057|01012018|
1711040024293011|02879250005308|01012018|
1711040024294011|02879250005480|01012018|
1711040024295011|02879250005642|01012018|
1711040024296011|02879250005723|01012018|
1711040024297011|02879250005804|01012018|
1711040024298011|02879250006029|01012018|
1711040024300011|02879250006290|01012018|
1711210024299011|29913399000183|01012018|
1711040024301011|02879250006452|01012018|
1711220024303011|43244631002102|01012018|
1711210024302011|25634569000130|01012018|
1711200024304011|00974731000642|01012018|
1711210024305011|25634569002183|01012018|
1711220024247021|05117323000183|01012018|
1711220024307011|05567711000166|01012018|
1711070024308011|67710244000139|01012018|
1711210024306021|43244631002455|01012018|
1711220024309011|43244631003001|01012018|
1711220024310011|59588111000375|01012018|
1711220024311011|59588111000103|01012018|
1711220024312011|01149953011547|01012018|
1711220024313011|01149953000340|01012018|
1711220024314011|01149953002807|01012018|
1711220024315011|01149953002637|01012018|
1711220024316011|01149953010656|01012018|
1711220024317011|60394723002279|01012018|
1711220024318011|01149953002980|01012018|
1711220024319011|60394723002350|01012018|
1711220024320011|60394723002511|01012018|
1711220024321011|15315004000136|01012018|
1711220024322011|10221375000135|01012018|
1711220024323011|10352174000177|01012018|
1711050024324011|01896779000138|01012018|
1711050024325011|01896779000308|01012018|
1711050024326011|01896779000642|01012018|
1711050024327011|01896779001290|01012018|
1711050024328011|01896779001886|01012018|
1711150024329011|81071623000238|01012018|
1711150024330011|81071623000408|01012018|
1711150024331011|81071623000823|01012018|
1711150024332011|81071623001200|01012018|
1711060024335011|00604905000170|01012018|
1711150024336011|02949528000218|01012018|
1711170024337011|18725804000113|01012018|
1711170024338011|18725804000970|01012018|
1711170024339011|18725804001357|01012018|
1711220024340011|77058006000144|01012018|
1711170024341011|18725804002086|01012018|
1711180024342011|18725804002329|01012018|
1711180024343011|18725804002400|01012018|
1711180024344011|18725804002590|01012018|
1711180024345011|18725804002671|01012018|
1711180024346011|18725804002752|01012018|
1711180024347011|18725804002833|01012018|
1711180024348011|18725804002914|01012018|
1711180024349011|18725804003139|01012018|
1711220024350011|47497367000398|01012018|
1711220024351011|88258884001100|01012018|
1711010024352011|07522191000281|01012018|
1711010024353011|07522191000443|01012018|
1711010024354011|07522191000796|01012018|
1711150024355011|03176032000726|01012018|
1711010024356011|07522191000877|01012018|
1711150024357011|03176032001374|01012018|
1711010024358011|07522191000958|01012018|
1711010024359011|07522191001091|01012018|
1711010024360011|07522191001172|01012018|
1711010024361011|07522191001415|01012018|
1711150024362011|11726521000147|01012018|
1711030024364011|05343207000182|01012018|
1711220024365011|47497367000126|01012018|
1711060024366011|05343207000263|01012018|
1711220024367011|03941052000150|01012018|
1711150024368011|03347828000109|01012018|
1711210024369011|83164806000142|01012018|
1711220024370011|88258884001282|01012018|
1711090024371011|00993264000355|01012018|
1711150024372011|08282941000177|01012018|
1711220024373011|88258884001363|01012018|
1711100024374011|00993264000789|01012018|
1711220024375011|00973749001600|01012018|
1711220024376011|77955532000107|01012018|
1711150024377011|61586160000159|01012018|
1711220024378011|16328205000130|01012018|
1711150024379011|61563557000125|01012018|
1711150024380011|61563557000982|01012018|
1711150024381011|61563557001369|01012018|
1711220024382011|57507378000101|01012018|
1711150024383011|61563557001520|01012018|
1711220024384011|94705936000161|01012018|
1711220024385011|52577707000240|01012018|
1711150024386011|61563557001873|01012018|
1711220024387011|57507378000365|01012018|
1711150024388011|61563557002098|01012018|
1711150024389011|61563557004465|01012018|
1711100024390011|00993264001670|01012018|
1711150024391011|61563557005275|01012018|
1711150024392011|61563557005518|01012018|
1711220024393011|12424020000179|01012018|
1711150024394011|61563557006166|01012018|
1711100024395011|00993264001912|01012018|
1711220024397011|25634551000138|01012018|
1711100024398011|00993264003028|01012018|
1711100024399011|00993264002994|01012018|
1711150024400011|67292037000292|01012018|
1711100024401011|00993264004180|01012018|
1711150024402011|67292037001264|01012018|
1711100024403011|00993264005667|01012018|
1711150024404011|67292037001426|01012018|
1711200024405011|21341540000451|01012018|
1711220024406011|62368303000119|01012018|
1711220024407011|09092389000117|01012018|
1711210024408011|08832667000162|01012018|
1711010024409011|87504346000105|01012018|
1711220024410011|45992062000912|01012018|
1711220024411011|45365541000151|01012018|
1711100024412011|00993264006477|01012018|
1711100024413011|00993264006710|01012018|
1711200024414011|88258884000120|01012018|
1711100024415011|00993264006809|01012018|
1711100024416011|00993264008097|01012018|
1711220024417011|80708084000151|01012018|
1711160024396021|54056189000163|01012018|
1711130024418011|04747226000101|01012018|
1711170024420011|88258884000200|01012018|
1711220024421011|82533076000147|01012018|
1711220024422011|82533076000228|01012018|
1711220024423011|17221771003470|01012018|
1711200024424011|88258884000391|01012018|
1711210024070021|88258884000634|01012018|
1711220024425011|82873068000220|01012018|
1711210024426011|88258884000715|01012018|
1711160024427011|60618436000170|01012018|
1711220024428011|88258884000987|01012018|
1711220024429011|78697356000113|01012018|
1711030024430021|12243301000125|01012018|
1711220024432011|25634551000480|01012018|
1711220024433011|25634551001100|01012018|
1711010024434011|03779133001763|01012018|
1711130024435011|07603999000293|01012018|
1711230024436011|77593556000163|01012018|
1711080024437011|81117368000136|01012018|
1711230024438011|02417464000123|01012018|
1711230024439011|96163993000191|01012018|
1711100024419021|00993264005829|01012018|
1711230024440011|75815456000109|01012018|
1711070024441011|82645862000136|01012018|
1711230024442011|89086144000116|01012018|
1711150024443011|45184066000621|01012018|
1711230024444011|09538989000166|01012018|
1711130024445011|21568175000170|01012018|
1711220024446021|08467115000100|01012018|
1711220024447011|08467115000607|01012018|
1711220024448011|08467115000798|01012018|
1711230024449011|08467115000879|01012018|
1711170024450011|86046562000191|01012018|
1711230024452011|08467115001174|01012018|
1711220024453011|08467115001255|01012018|
1711230024454011|43363381000771|01012018|
1711230024455011|08467115002227|01012018|
1711230024456011|08467115002570|01012018|
1711230024458011|08467115002308|01012018|
1711230024459011|08467115002731|01012018|
1711230024457021|83063602000115|01012018|
1711230024460011|08467115003037|01012018|
1711230024461011|08467115003207|01012018|
1711220024462011|61270393000148|01012018|
1711220024464011|08467115004190|01012018|
1711210024431021|09929134000166|01012018|
1711230024465011|08467115005242|01012018|
1711230024466011|08467115005404|01012018|
1711230024467011|08467115000445|01012018|
1711230024468011|82749987000106|01012018|
1711130024275021|46887139000108|01012018|
1711230024469011|59104513000357|01012018|
1711230024470011|08467115000526|01012018|
1711230024471011|08467115000950|01012018|
1711230024472011|08467115001336|01012018|
1711200024473011|93348308000103|01012018|
1711230024474011|08467115001417|01012018|
1711220024475011|52189420000161|01012018|
1711230024476011|08467115001506|01012018|
1711220024477011|08467115001689|01012018|
1711230024479011|33225335000167|01012018|
1711230024480011|08467115001760|01012018|
1711220024478011|06170932000169|01012018|
1711230024481011|08467115001840|01012018|
1711220024482011|04016350000105|01012018|
1711230024483011|08467115001921|01012018|
1711220024484011|08467115002065|01012018|
1711230024485011|57501298000130|01012018|
1711220024486011|08467115002146|01012018|
1711220024487011|08467115002499|01012018|
1711220024333021|88258884001010|01012018|
1711230024488011|08467115002650|01012018|
1711090024489011|83310441000117|01012018|
1711230024490011|08467115002812|01012018|
1711230024491011|18734203000177|01012018|
1711230024492011|08467115002901|01012018|
1711220024494011|08467115003118|01012018|
1711230024495011|08467115003380|01012018|
1711230024496011|51122091000411|01012018|
1711230024497011|08467115003460|01012018|
1711230024505011|08467115003541|01012018|
1711220024506011|08467115003622|01012018|
1711230024507011|01464420000191|01012018|
1711230024508011|44663631000590|01012018|
1711230024509011|33556309000111|01012018|
1711230024510011|01157555000376|01012018|
1711230024511011|08467115003703|01012018|
1711220024512011|08467115003894|01012018|
1711230024514011|08467115003975|01012018|
1711230024515011|08467115004009|01012018|
1711230024516011|00279531000327|01012018|
1711230024517011|01157555001186|01012018|
1711230024518011|03449117000145|01012018|
1711230024451021|00279531000831|01012018|
1711230024519011|05876349000377|01012018|
1711230024520011|01157555001500|01012018|
1711230024521011|05876349000105|01012018|
1711230024522011|01157555001771|01012018|
1711220024523011|88258884001444|01012018|
1711220024524011|01157555003049|01012018|
1711220024525011|08467115004270|01012018|
1711210024513021|04449030000130|01012018|
1711230024526011|08467115004351|01012018|
1711230024527011|01157555003120|01012018|
1711230024528011|08467115004432|01012018|
1711230024530011|01157555003391|01012018|
1711230024531011|08467115004513|01012018|
1711230024532011|33535592000448|01012018|
1711230024533011|08467115004602|01012018|
1711230024534011|08467115004785|01012018|
1711220024535011|33453598000557|01012018|
1711230024529021|43363381000500|01012018|
1711220024536011|89848543010130|01012018|
1711230024537011|03709814000198|01012018|
1711230024538011|03709814000279|01012018|
1711230024539011|03709814000600|01012018|
1711220024540011|89848543011292|01012018|
1711230024541011|03709814001917|01012018|
1711230024542011|03709814002131|01012018|
1711230024543011|03709814003103|01012018|
1711220024544011|89848543017304|01012018|
1711230024545011|03709814003537|01012018|
1711230024546011|03709814003960|01012018|
1711230024547011|03709814004347|01012018|
1711230024548011|03709814005076|01012018|
1711230024549011|03709814005157|01012018|
1711230024550011|03709814005408|01012018|
1711230024551011|03709814005742|01012018|
1711230024552011|03709814005904|01012018|
1711230024553011|03709814006129|01012018|
1711230024554011|03709814006200|01012018|
1711220024555011|89848543017819|01012018|
1711230024556011|03709814006390|01012018|
1711220024558011|89848543022570|01012018|
1711230024559011|03709814007362|01012018|
1711230024560011|03709814007443|01012018|
1711220024561011|89848543032451|01012018|
1711230024562011|33535592000103|01012018|
1711220024563011|89848543034748|01012018|
1711220024564011|89848543040713|01012018|
1711220024565011|89848543060315|01012018|
1711230024557021|03709814006471|01012018|
1711230024566011|03709814000783|01012018|
1711220024567011|18667212000192|01012018|
1711010024571011|03779133000368|01012018|
1711010024572011|03779133001097|01012018|
1711010024573011|03779133002069|01012018|
1711010024574011|03779133002735|01012018|
1711040024575011|03779133003707|01012018|
1711010024576021|03779133006480|01012018|
1711230024577011|03779133002301|01012018|
1711190024578011|90400888182828|01012018|
1711040024580011|03774819001508|01012018|
1711040024581011|03774819001761|01012018|
1711040024582011|03774819000102|01012018|
1711230024583011|90400888183395|01012018|
1711040024584011|03774819003039|01012018|
1711230024585011|90400888182909|01012018|
1711130024586011|59153569000130|01012018|
1711060024587011|33500984000129|01012018|
1711080024588011|42297507000107|01012018|
1711080024589011|40177446000100|01012018|
1711140024590011|30807663000183|01012018|
1711140024591011|05438013000160|01012018|
1711170024592011|32489650000139|01012018|
1711170024593011|30538060000123|01012018|
1711170024594011|33535568000166|01012018|
1711160024595011|44803922000293|01012018|
1711240024596011|00882430001156|01012018|
1711230024597011|08070566001254|01012018|
1711240024598011|93648343000148|01012018|
1711240024599011|54516661000101|01012018|
1711150024600011|45184066000117|01012018|
1711230024601011|83475913000272|01012018|
1711240024602011|83307926001123|01012018|
1711240024603011|54516661006649|01012018|
1711150024604011|45184066000389|01012018|
1711240024605011|04641376006096|01012018|
1711150024606011|45184066000460|01012018|
1711150024607011|45184066000540|01012018|
1711240024608011|04641376007815|01012018|
1711240024609011|08467115004866|01012018|
1711230024610011|08467115004947|01012018|
1711220024611011|08467115005080|01012018|
1711150024612011|72073117000378|01012018|
1711150024613011|72073117000459|01012018|
1711220024614011|88258884001525|01012018|
1711240024615011|04641376007149|01012018|
1711160023976031|02536066000398|01012018|
1711240024616011|88662838000191|01012018|
1711240024617011|04641376005871|01012018|
1711220024618011|08467115005161|01012018|
1711150024619011|82433301000173|01012018|
1711240024620011|04641376010875|01012018|
1711010024621011|00146889000110|01012018|
1711240024622011|88258884001606|01012018|
1711240024623011|04641376011502|01012018|
1711240024625011|00146889001000|01012018|
1711170024626011|17185786000404|01012018|
1711150024627011|79118311000100|01012018|
1711240024628011|04641376003232|01012018|
1711240024629011|04641376000136|01012018|
1711140024630011|88617733000110|01012018|
1711210024631011|79682852000166|01012018|
1711240024633011|08467115005323|01012018|
1711240024632011|04641376011685|01012018|
1711240024634011|08467115006486|01012018|
1711240024635011|08467115006567|01012018|
1711150024636011|76539600000194|01012018|
1711240024637011|04641376012657|01012018|
1711150024638011|76539600000860|01012018|
1711150024639011|76539600000941|01012018|
1711150024641011|76539600008926|01012018|
1711240024642011|08467115007458|01012018|
1711240024643011|04641376005448|01012018|
1711240024644011|08467115007610|01012018|
1711240024645011|08467115008420|01012018|
1711240024646011|08467115009078|01012018|
1711240024647011|08467115009582|01012018|
1711240024648011|04641376003402|01012018|
1711240024649011|08467115010165|01012018|
1711240024651011|08467115010599|01012018|
1711240024650011|04641376010522|01012018|
1711150024652011|79111779006022|01012018|
1711240024653011|04641376011332|01012018|
1711240024654011|04641376000640|01012018|
1711240024655011|04641376000560|01012018|
1711070024656011|00080671001262|01012018|
1711160024493021|17185786000161|01012018|
1711240024657011|50844182001631|01012018|
1711170023949021|06135538001757|01012018|
1711150024658011|77557635000119|01012018|
1711230024659011|50844182000902|01012018|
1711230024660011|50844182001208|01012018|
1711160023946031|04641376007300|01012018|
1711150024661011|75739797000142|01012018|
1711100024662011|04156194000250|01012018|
1711170023944021|04641376012738|01012018|
1711130024663011|50844182000155|01012018|
1711240024640031|04641376008897|01012018|
1711200024664011|50567288000159|01012018|
1711200024665011|50567288000663|01012018|
1711200024053021|04641376003828|01012018|
1711200024666011|50567288000744|01012018|
1711170024667011|17185786001133|01012018|
1711170023982031|02536066000550|01012018|
1711240024624021|04641376006258|01012018|
1711240024668011|50844182001984|01012018|
1711170024669011|00000000001082|01012018|
1711170024670021|02536066000630|01012018|
1711240024671011|60554219000164|01012018|
1711170024672011|02536066000983|01012018|
1711240024673011|17185786001486|01012018|
1711070024674011|06855175000167|01012018|
1711240024675011|08490666000187|01012018|
1711070024676011|06855175001724|01012018|
1711240024678011|02535568000132|01012018|
1711070024681011|12066015000212|01012018|
1711240024680011|77887917000184|01012018|
1711070024682011|12066015001103|01012018|
1711240024683011|71452106000174|01012018|
1711170024684011|00000000002054|01012018|
1711160024685011|03528670000173|01012018|
1711160023896021|08219000000199|01012018|
1711170023977021|02536066001017|01012018|
1711200024686011|00000000006394|01012018|
1711170024687011|00000000010820|01012018|
1711230024705011|01928075000361|01012018|
1711170024706011|00000000012440|01012018|
1711240024707011|40450769000126|01012018|
1711010024679021|01928075000108|01012018|
1711240024708011|40450769009697|01012018|
1711170023983041|02536066001521|01012018|
1711240024710011|40450769010199|01012018|
1711230024709011|01928075001252|01012018|
1711240024712011|40450769010431|01012018|
1711230024711011|01928075001333|01012018|
1711230024713011|01928075001414|01012018|
1711230024714011|01928075001503|01012018|
1711170023978021|02536066002250|01012018|
1711230024715011|01928075002143|01012018|
1711230024716011|50844182001470|01012018|
1711230024718011|01928075002305|01012018|
1711220024719011|53359089000143|01012018|
1711170024721011|00000000017590|01012018|
1711230024720011|01928075002496|01012018|
1711070024722011|12066015000999|01012018|
1711230024723011|01928075002909|01012018|
1711170023975031|02536066002331|01012018|
1711230024724011|01928075003115|01012018|
1711240024725011|02917443000339|01012018|
1711070024726011|12066015001022|01012018|
1711240024727011|01928075006483|01012018|
1711240024728011|02917443000681|01012018|
1711240024729011|01928075006726|01012018|
1711080024730011|12066015001294|01012018|
1711240024731011|01928075006807|01012018|
1711080024733011|12066015001375|01012018|
1711240024732011|01928075007021|01012018|
1711240024734011|02917443000762|01012018|
1711240024735011|01928075007960|01012018|
1711170023979021|13505470000159|01012018|
1711200024736011|14532494000160|01012018|
1711240024737011|01928075008346|01012018|
1711240024738011|01928075008850|01012018|
1711240024739011|70939574000105|01012018|
1711240024740011|91506246000195|01012018|
1711080024742011|12066015002185|01012018|
1711240024741011|01928075009318|01012018|
1711240024744011|01928075010081|01012018|
1711170023980031|13091720000151|01012018|
1711240024745011|01928075010162|01012018|
1711240024746011|62895792000167|01012018|
1711240024747011|01928075010324|01012018|
1711230024569021|03299837000171|01012018|
1711240024748011|01928075011215|01012018|
1711240024749011|03568496000192|01012018|
1711070024750011|01616270000194|01012018|
1711240024751011|02265823000174|01012018|
1711240024752011|33931783000186|01012018|
1711170023981041|15339921000150|01012018|
1711170024570021|13742401000169|01012018|
1711200024753011|83310441001008|01012018|
1711210024755011|45361425000598|01012018|
1711230024754011|76364702000116|01012018|
1711170024568031|01369424000433|01012018|
1711210024756011|45361425000164|01012018|
1711210024757011|07786727000195|01012018|
1711240024758011|06261891000116|01012018|
1711240024759011|07578713000186|01012018|
1711130024765011|49032337000170|01012018|
1711240024766011|61193496000151|01012018|
1711240024767011|01369424000190|01012018|
1711240024768011|77657898000108|01012018|
1711230024769011|92715812000131|01012018|
1711240024770011|05108435000178|01012018|
1711200024772011|00000000018805|01012018|
1711240024773011|92715812000484|01012018|
1711060024775011|47960950001799|01012018|
1711240024776011|92715812000565|01012018|
1711200024778011|00000000020893|01012018|
1711240024777011|03802753000109|01012018|
1711060024779011|47960950002337|01012018|
1711060024780011|47960950002922|01012018|
1711170024781011|00000000023302|01012018|
1711170024782011|00000000024376|01012018|
1711060024783011|47960950003490|01012018|
1711060024784011|47960950004542|01012018|
1711240024785011|92715812001022|01012018|
1711240024786011|84683887000150|01012018|
1711240024787011|90400888184952|01012018|
1711240024788011|03802753000290|01012018|
1711240024789011|90400888185096|01012018|
1711240024790011|90400888185509|01012018|
1711240024791011|90400888187706|01012018|
1711110024792011|90400888000223|01012018|
1711240024793011|00348003005422|01012018|
1711240024794011|90400888189598|01012018|
1711160024795011|06247344000186|01012018|
1711240024796011|90400888189679|01012018|
1711110024797011|90400888000819|01012018|
1711230024798011|09868134000101|01012018|
1711240024799011|90400888189830|01012018|
1711110024800011|90400888001114|01012018|
1711240024801011|90400888189911|01012018|
1711240024802011|90400888190090|01012018|
1711240024804011|90400888191142|01012018|
1711230024803021|02536066000126|01012018|
1711110024805011|90400888001890|01012018|
1711110024806011|90400888002277|01012018|
1711110024807011|90400888002862|01012018|
1711240024808011|90400888191304|01012018|
1711110024809011|90400888004725|01012018|
1711110024810011|90400888004806|01012018|
1711240024811011|90400888191819|01012018|
1711110024813011|90400888006426|01012018|
1711170024812011|01339721000789|01012018|
1711240024814011|20651311000128|01012018|
1711240024815011|90400888192033|01012018|
1711110024816011|90400888008046|01012018|
1711240024817011|90400888192114|01012018|
1711110024818011|90400888008127|01012018|
1711110024819011|90400888008631|01012018|
1711240024820011|90400888192548|01012018|
1711240024821011|39469291000105|01012018|
1711110024822011|90400888010296|01012018|
1711110024823011|90400888010539|01012018|
1711240024824011|90400888192971|01012018|
1711110024825011|90400888010709|01012018|
1711110024826011|90400888011420|01012018|
1711110024827011|90400888013716|01012018|
1711240024828011|90400888193005|01012018|
1711110024829011|90400888014526|01012018|
1711110024830011|90400888018947|01012018|
1711240024831011|17262213000194|01012018|
1711110024832011|90400888021069|01012018|
1711240024833011|90400888193358|01012018|
1711110024834011|90400888022707|01012018|
1711240024835011|90400888193862|01012018|
1711110024836011|90400888023355|01012018|
1711110024837011|90400888024165|01012018|
1711110024838011|90400888024750|01012018|
1711240024839011|17185786001567|01012018|
1711240024840011|90400888194591|01012018|
1711110024842011|90400888025803|01012018|
1711240024843011|90400888195059|01012018|
1711110024844011|90400888025994|01012018|
1711110024845011|90400888026885|01012018|
1711240024846011|90400888195130|01012018|
1711110024847011|90400888034390|01012018|
1711240024848011|90400888195482|01012018|
1711110024849011|90400888036503|01012018|
1711240024850011|90400888196373|01012018|
1711170024851011|17185786001729|01012018|
1711240024852011|60394723000578|01012018|
1711240024853011|11216374000246|01012018|
1711110024854011|90400888040101|01012018|
1711110024855011|90400888043119|01012018|
1711240024856011|90400888196454|01012018|
1711110024858011|90400888044000|01012018|
1711090024857011|68643725000131|01012018|
1711110024859011|90400888045405|01012018|
1711240024860011|90400888196535|01012018|
1711240024861011|06559531000103|01012018|
1711110024862011|90400888046487|01012018|
1711240024863011|90400888196888|01012018|
1711230024864011|92715812002509|01012018|
1711110024865011|90400888047106|01012018|
1711240024866011|92715812003319|01012018|
1711240024867011|90400888196969|01012018|
1711110024868011|90400888048005|01012018|
1711240024869011|92715812008701|01012018|
1711220024870011|33000167000454|01012018|
1711110024871011|90400888048269|01012018|
1711240024872011|90400888197345|01012018|
1711110024873011|90400888048501|01012018|
1711240024874011|14590864000115|01012018|
1711110024875011|90400888051219|01012018|
1711110024876011|90400888054404|01012018|
1711110024877011|90400888197779|01012018|
1711110024878011|90400888055125|01012018|
1711240024879011|90400888197930|01012018|
1711110024880011|90400888058221|01012018|
1711110024881011|90400888058574|01012018|
1711110024882011|90400888059546|01012018|
1711240024883011|90400888198740|01012018|
1711110024884011|90400888061010|01012018|
1711110024885011|90400888064469|01012018|
1711240024886011|90400888198821|01012018|
1711110024887011|90400888066917|01012018|
1711110024888011|90400888067565|01012018|
1711110024889011|90400888067646|01012018|
1711240024890011|90400888198902|01012018|
1711110024891011|90400888070434|01012018|
1711110024892011|90400888071597|01012018|
1711240024893011|90400888199127|01012018|
1711130024894011|90400888072305|01012018|
1711240024895011|02069153000110|01012018|
1711240024896011|90400888199208|01012018|
1711130024897011|90400888072992|01012018|
1711130024898011|90400888073379|01012018|
1711130024899011|90400888074502|01012018|
1711240024900011|90400888199550|01012018|
1711130024901011|90400888075150|01012018|
1711240024902011|90400888200079|01012018|
1711130024903011|90400888075312|01012018|
1711130024904011|90400888075584|01012018|
1711240024905011|90400888200311|01012018|
1711130024906011|90400888075746|01012018|
1711240024907011|90400888200583|01012018|
1711130024908011|90400888075908|01012018|
1711130024909011|90400888076041|01012018|
1711130024910011|90400888076203|01012018|
1711130024911011|90400888078338|01012018|
1711240024912011|02069153000463|01012018|
1711240024913011|90400888200826|01012018|
1711130024914011|90400888078508|01012018|
1711140024915011|90400888079652|01012018|
1711240024916011|90400888201040|01012018|
1711140024917011|90400888079733|01012018|
1711140024918011|90400888080073|01012018|
1711140024919011|90400888081550|01012018|
1711240024920011|90400888201202|01012018|
1711140024921011|90400888081711|01012018|
1711140024922011|90400888082955|01012018|
1711140024923011|90400888083412|01012018|
1711240024924011|90400888202365|01012018|
1711140024925011|90400888084303|01012018|
1711140024926011|90400888084494|01012018|
1711140024927011|90400888084575|01012018|
1711240024928011|90400888203841|01012018|
1711140024929011|90400888084907|01012018|
1711140024930011|90400888085113|01012018|
1711140024931011|90400888085466|01012018|
1711140024932011|90400888085709|01012018|
1711110024933011|90400888202608|01012018|
1711140024934011|90400888086195|01012018|
1711140024935011|90400888086780|01012018|
1711240024936011|90400888203922|01012018|
1711140024937011|90400888086861|01012018|
1711140024938011|90400888087167|01012018|
1711140024939011|90400888088210|01012018|
1711240024940011|90400888204147|01012018|
1711140024941011|90400888088805|01012018|
1711140024942011|90400888089291|01012018|
1711240024943011|90400888204228|01012018|
1711140024944011|90400888089968|01012018|
1711140024945011|90400888091350|01012018|
1711140024946011|90400888092403|01012018|
1711140024947011|90400888095852|01012018|
1711240024948011|90400888204490|01012018|
1711140024949011|90400888095933|01012018|
1711140024950011|90400888096239|01012018|
1711140024951011|90400888096310|01012018|
1711240024952011|90400888204570|01012018|
1711140024953011|90400888096905|01012018|
1711140024954011|90400888097120|01012018|
1711140024955011|90400888097553|01012018|
1711140024956011|90400888098363|01012018|
1711240024957011|90400888204813|01012018|
1711140024958011|90400888099335|01012018|
1711140024959011|90400888100104|01012018|
1711140024960011|90400888100791|01012018|
1711140024961011|90400888102573|01012018|
1711240024962011|90400888204902|01012018|
1711140024963011|90400888103464|01012018|
1711140024964011|90400888103707|01012018|
1711140024965011|90400888105165|01012018|
1711240024966011|90400888205119|01012018|
1711140024967011|90400888106218|01012018|
1711140024968011|90400888109152|01012018|
1711140024969011|90400888109314|01012018|
1711240024970011|90400888205704|01012018|
1711140024971011|90400888110088|01012018|
1711140024972011|90400888111645|01012018|
1711240024973011|90400888205895|01012018|
1711140024974011|90400888112455|01012018|
1711140024975011|90400888113427|01012018|
1711140024976011|90400888113699|01012018|
1711240024977011|90400888205976|01012018|
1711140024978011|90400888114075|01012018|
1711140024979011|90400888114660|01012018|
1711140024980011|90400888114741|01012018|
1711240024981011|90400888206190|01012018|
1711140024982011|90400888115985|01012018|
1711140024983011|90400888116019|01012018|
1711240024984011|90400888206786|01012018|
1711140024985011|90400888116108|01012018|
1711240024986011|90400888206948|01012018|
1711140024987011|90400888116604|01012018|
1711140024988011|90400888117767|01012018|
1711110024989011|90400888207910|01012018|
1711140024990011|90400888117929|01012018|
1711140024991011|90400888118062|01012018|
1711240024992011|90400888209106|01012018|
1711140024993011|90400888118143|01012018|
1711140024994011|90400888118577|01012018|
1711240024995011|90400888209378|01012018|
1711140024996011|90400888119115|01012018|
1711250024997011|90400888209530|01012018|
1711250024998011|90400888209610|01012018|
1711060024999011|02995385000957|01012018|
1711250025000011|90400888209700|01012018|
1711250025001011|90400888209963|01012018|
1711250025002011|90400888210112|01012018|
1711110025003011|90400888210201|01012018|
1711250025004011|90400888210899|01012018|
1711110025005011|90400888210970|01012018|
1711250025006011|90400888211860|01012018|
1711250025007011|90400888211941|01012018|
1711250025008011|90400888212085|01012018|
1711250025009011|90400888212166|01012018|
1711110025010011|90400888212247|01012018|
1711250025011011|90400888212328|01012018|
1711250025012011|90400888212670|01012018|
1711250025013011|90400888213308|01012018|
1711250025014011|90400888213804|01012018|
1711250025015011|90400888213995|01012018|
1711250025016011|90400888217044|01012018|
1711250025017011|90400888218016|01012018|
1711140025018011|90400888120636|01012018|
1711250025019011|90400888218601|01012018|
1711140025020011|90400888120717|01012018|
1711140025021011|90400888121012|01012018|
1711140025023011|90400888121101|01012018|
1711250025022011|90400888218873|01012018|
1711080025024011|04436006000167|01012018|
1711140025025011|90400888121365|01012018|
1711140025026011|90400888121870|01012018|
1711140025027011|90400888121950|01012018|
1711140025028011|90400888122094|01012018|
1711140025029011|90400888122175|01012018|
1711140025030011|90400888122418|01012018|
1711140025032011|90400888123570|01012018|
1711250025031011|90400888219250|01012018|
1711140025033011|90400888124976|01012018|
1711140025034011|90400888126324|01012018|
1711240025035011|00356328000145|01012018|
1711140025036011|90400888127487|01012018|
1711140025037011|90400888127568|01012018|
1711140025039011|90400888127720|01012018|
1711250025038011|90400888219764|01012018|
1711140025040011|90400888130780|01012018|
1711140025042011|90400888132308|01012018|
1711250025041011|90400888219845|01012018|
1711150025043011|90400888132642|01012018|
1711150025044011|90400888133614|01012018|
1711250025045011|90400888220185|01012018|
1711150025046011|90400888134505|01012018|
1711150025048011|90400888135587|01012018|
1711250025047011|90400888220347|01012018|
1711150025049011|90400888137601|01012018|
1711220025050011|90400888137873|01012018|
1711150025051011|90400888138411|01012018|
1711150025053011|90400888138845|01012018|
1711250025052011|90400888221157|01012018|
1711150025054011|90400888139060|01012018|
1711150025055011|90400888139574|01012018|
1711250025056011|90400888221408|01012018|
1711150025057011|90400888141048|01012018|
1711150025058011|90400888140238|01012018|
1711150025060011|90400888141200|01012018|
1711250025059011|90400888221661|01012018|
1711150025061011|90400888141803|01012018|
1711150025062011|90400888142605|01012018|
1711250025063011|90400888221823|01012018|
1711150025064011|90400888143172|01012018|
1711150025065011|90400888143415|01012018|
1711150025067011|90400888143920|01012018|
1711250025066011|90400888221904|01012018|
1711150025068011|90400888144144|01012018|
1711150025069011|90400888144810|01012018|
1711150025070011|90400888145116|01012018|
1711150025071011|90400888145701|01012018|
1711150025073011|90400888146007|01012018|
1711250025072011|90400888222200|01012018|
1711150025074011|90400888146350|01012018|
1711150025075011|90400888146945|01012018|
1711150025076011|90400888147089|01012018|
1711150025078011|90400888147240|01012018|
1711250025077011|90400888222552|01012018|
1711150025079011|90400888147836|01012018|
1711150025080011|90400888148484|01012018|
1711150025081011|90400888155006|01012018|
1711150025082011|90400888155340|01012018|
1711150025084011|90400888155774|01012018|
1711250025083011|90400888223109|01012018|
1711150025085011|90400888155855|01012018|
1711150025086011|90400888157475|01012018|
1711150025087011|90400888157718|01012018|
1711150025089011|90400888157980|01012018|
1711250025088011|90400888223281|01012018|
1711150025090011|90400888158013|01012018|
1711150025091011|90400888158285|01012018|
1711150025092011|90400888158366|01012018|
1711150025094011|90400888158528|01012018|
1711250025093011|90400888224920|01012018|
1711150025095011|90400888159095|01012018|
1711150025096011|90400888159176|01012018|
1711150025098011|90400888159257|01012018|
1711250025097011|90400888225063|01012018|
1711150025099011|90400888160344|01012018|
1711150025100011|90400888161235|01012018|
1711150025102011|90400888163955|01012018|
1711250025101011|90400888225659|01012018|
1711150025103011|90400888166890|01012018|
1711150025104011|90400888168400|01012018|
1711250025105011|90400888225810|01012018|
1711150025106011|90400888169309|01012018|
1711150025107011|90400888170900|01012018|
1711150025109011|90400888172512|01012018|
1711250025108011|90400888226035|01012018|
1711150025110011|90400888172601|01012018|
1711150025112011|90400888173080|01012018|
1711250025111011|90400888226116|01012018|
1711150025113011|90400888173160|01012018|
1711250025114011|90400888226205|01012018|
1711150025115011|90400888173241|01012018|
1711150025116011|90400888173322|01012018|
1711150025117011|90400888173403|01012018|
1711150025119011|90400888173594|01012018|
1711250025118011|90400888226892|01012018|
1711150025120011|90400888173837|01012018|
1711150025121011|90400888173918|01012018|
1711150025123011|90400888174132|01012018|
1711250025122011|90400888227198|01012018|
1711150025124011|90400888174213|01012018|
1711250025125011|90400888227430|01012018|
1711150025126011|90400888174302|01012018|
1711150025128011|90400888174485|01012018|
1711250025127011|90400888229301|01012018|
1711150025129011|90400888174566|01012018|
1711150025131011|90400888174647|01012018|
1711250025130011|90400888229484|01012018|
1711150025132011|90400888174728|01012018|
1711250025133011|90400888229999|01012018|
1711150025134011|90400888174990|01012018|
1711150025135011|90400888175023|01012018|
1711150025137011|90400888175376|01012018|
1711250025136011|90400888230148|01012018|
1711150025138011|90400888175538|01012018|
1711150025139011|90400888175619|01012018|
1711150025141011|90400888176267|01012018|
1711250025140011|90400888230229|01012018|
1711150025142011|90400888176348|01012018|
1711150025144011|90400888176429|01012018|
1711250025143011|90400888231624|01012018|
1711150025145011|90400888176500|01012018|
1711150025146011|90400888176690|01012018|
1711150025147011|90400888177158|01012018|
1711150025149011|90400888177239|01012018|
1711250025148011|90400888233244|01012018|
1711150025150011|90400888177310|01012018|
1711250025151011|90400888234640|01012018|
1711150025152011|90400888177409|01012018|
1711150025153011|90400888177581|01012018|
1711180025154011|90400888177824|01012018|
1711190025156011|90400888179878|01012018|
1711250025155011|90400888234720|01012018|
1711220025157011|90400888180370|01012018|
1711190025158011|90400888180531|01012018|
1711250025159011|90400888234992|01012018|
1711190025160011|90400888181180|01012018|
1711190025161011|90400888181775|01012018|
1711190025163011|90400888181937|01012018|
1711250025162011|90400888235450|01012018|
1711250025164011|90400888235530|01012018|
1711250025165011|90400888235611|01012018|
1711250025166011|90400888236260|01012018|
1711110025167011|90400888019242|01012018|
1711250025168011|90400888236421|01012018|
1711110025169011|90400888075827|01012018|
1711250025170011|90400888236774|01012018|
1711250025171011|90400888237150|01012018|
1711140025173011|90400888094708|01012018|
1711250025172011|90400888237312|01012018|
1711140025174011|90400888096743|01012018|
1711250025175011|90400888237401|01012018|
1711110025176011|90400888113931|01012018|
1711250025177011|90400888237584|01012018|
1711250025178011|90400888237746|01012018|
1711140025179011|90400888118224|01012018|
1711250025180011|90400888237827|01012018|
1711140025182011|90400888132138|01012018|
1711250025181011|90400888239013|01012018|
1711150025184011|90400888159419|01012018|
1711250025183011|90400888239609|01012018|
1711150025185011|90400888173675|01012018|
1711250025186011|90400888239870|01012018|
1711110025187011|90400888173756|01012018|
1711250025188011|90400888240453|01012018|
1711250025189011|90400888240615|01012018|
1711150025190011|90400888174809|01012018|
1711250025191011|90400888240887|01012018|
1711150025192011|90400888175457|01012018|
1711250025193011|90400888240968|01012018|
1711110025194011|90400888175708|01012018|
1711250025195011|90400888241859|01012018|
1711150025196011|90400888176933|01012018|
1711110025197011|90400888177662|01012018|
1711250025198011|90400888242073|01012018|
1711150025199011|90400888177743|01012018|
1711250025200011|90400888242669|01012018|
1711250025201011|90400888242154|01012018|
1711250025202011|90400888243398|01012018|
1711250025203011|90400888215181|01012018|
1711250025204011|90400888243630|01012018|
1711250025205011|90400888244521|01012018|
1711250025206011|90400888215343|01012018|
1711250025208011|90400888215939|01012018|
1711250025207021|90400888244602|01012018|
1711250025210011|07073027000587|01012018|
1711250025211011|07073027000820|01012018|
1711170025212011|00000000042943|01012018|
1711170025213011|00000000037192|01012018|
1711170025214011|00000000044997|01012018|
1711170025215011|00000000187917|01012018|
1711200025216011|00000000223654|01012018|
1711170025217011|00000000198609|01012018|
1711240025218011|00000000151483|01012018|
1711200025219011|00000000200441|01012018|
1711200025220011|00000000158305|01012018|
1711170025221011|00000000135607|01012018|
1711200025222011|00000000043087|01012018|
1711170025223011|00000000053120|01012018|
1711170025224011|00000000079278|01012018|
1711200025225011|00000000090085|01012018|
1711200025226011|00000000246867|01012018|
1711170025227011|00000000320935|01012018|
1711170025228011|00000000141410|01012018|
1711170025229011|00000000194026|01012018|
1711170025230011|00000000274305|01012018|
1711200025231011|00000000270652|01012018|
1711170025232011|00000000301639|01012018|
1711170025233011|00000000297429|01012018|
1711200025234011|00000000377104|01012018|
1711200025235011|00000000249459|01012018|
1711170025236011|00000000193569|01012018|
1711260025237011|90400888244955|01012018|
1711260025238011|90400888245099|01012018|
1711260025239021|90400888245170|01012018|
1711260025240011|90400888245250|01012018|
1711260025241011|90400888245331|01012018|
1711260025242011|90400888245684|01012018|
1711260025243011|90400888246818|01012018|
1711260025244011|90400888247628|01012018|
1711260025245011|90400888247890|01012018|
1711260025246011|90400888249833|01012018|
1711260025247011|90400888250769|01012018|
1711260025248011|90400888251811|01012018|
1711260025249011|90400888252460|01012018|
1711240025250011|01637895000809|01012018|
1711240025251011|01637895001619|01012018|
1711240025252011|01637895003581|01012018|
1711240025253011|01637895007498|01012018|
1711240025254011|01637895007900|01012018|
1711240025255011|01637895015679|01012018|
1711240025256011|01637895017450|01012018|
1711240025257011|01637895017965|01012018|
1711260025258011|52548435000926|01012018|
1711240025259011|01637895020087|01012018|
1711240025260011|01637895021725|01012018|
1711260025261011|52548435010727|01012018|
1711260025262011|52548435012428|01012018|
1711230025263011|89637490014448|01012018|
1711260025264011|52548435012851|01012018|
1711260025265011|52548435021419|01012018|
1711240025266011|10656452001232|01012018|
1711240025267011|10656452005300|01012018|
1711240025268011|10656452008598|01012018|
1711220025269011|04081068000608|01012018|
1711220025270011|02119258000218|01012018|
1711220025271011|90810706000373|01012018|
1711210025272011|04406746000231|01012018|
1711220025273011|02614911000215|01012018|
1711220025274011|02614911000304|01012018|
1711220025275011|53400818000834|01012018|
1711220025276011|53400818001300|01012018|
1711220025277011|78937158000260|01012018|
1711220025278011|78937158000694|01012018|
1711220025279011|78937158000856|01012018|
1711030025280011|06113048000192|01012018|
1711260025281011|90400888253270|01012018|
1711260025282011|90400888253350|01012018|
1711260025283011|90400888254160|01012018|
1711260025284011|14117559000100|01012018|
1711260025285011|90400888254756|01012018|
1711260025286011|90400888255485|01012018|
1711260025287011|90400888255809|01012018|
1711260025288011|90400888256023|01012018|
1711260025289011|90400888256104|01012018|
1711260025290011|90400888258239|01012018|
1711260025291011|90400888258581|01012018|
1711240025292011|02290277000121|01012018|
1711240025293011|02290277000636|01012018|
1711240025294011|02290277001950|01012018|
1711260025295011|90400888259120|01012018|
1711240025296011|02290277002094|01012018|
1711240025297011|02290277002337|01012018|
1711240025298011|02290277002418|01012018|
1711260025299011|90400888259634|01012018|
1711240025300011|02290277002507|01012018|
1711260025301011|90400888260802|01012018|
1711260025302011|90400888261027|01012018|
1711070025303011|08402943001809|01012018|
1711260025304011|15800545000230|01012018|
1711260025305011|05371573000145|01012018|
1711260025306011|90400888263666|01012018|
1711260025307011|90400888264476|01012018|
1711260025308011|90400888264808|01012018|
1711260025309011|90400888268200|01012018|
1711260025310011|71445555000195|01012018|
1711260025311011|90400888268463|01012018|
1711260025312011|90400888269192|01012018|
1711260025313011|33009911008385|01012018|
1711260025314011|90400888269354|01012018|
1711140025315011|33009911014199|01012018|
1711260025316011|90400888270794|01012018|
1711260025317011|52130481000234|01012018|
1711260025318011|33009911039183|01012018|
1711260025319011|52130481000315|01012018|
1711260025320011|52130481000404|01012018|
1711260025321011|52130481000749|01012018|
1711260025322011|52130481001206|01012018|
1711260025323011|90400888272223|01012018|
1711260025324011|90400888272738|01012018|
1711260025325011|90400888272819|01012018|
1711260025326011|90400888272908|01012018|
1711260025327011|90400888273467|01012018|
1711260025328011|90400888274005|01012018|
1711260025329011|90400888274196|01012018|
1711260025330011|90400888278000|01012018|
1711260025331011|90400888278345|01012018|
1711260025332011|90400888278698|01012018|
1711260025333011|90400888278930|01012018|
1711260025334011|90400888279074|01012018|
1711260025335011|90400888286283|01012018|
1711260025336011|90400888288731|01012018|
1711260025337011|90400888289037|01012018|
1711260025338011|90400888291449|01012018|
1711090025339011|01682147000171|01012018|
1711250025340011|02812740000158|01012018|
1711260025341011|83310441004619|01012018|
1711260025342011|01829874000119|01012018|
1711250025343011|02812740000310|01012018|
1711260025345011|33103862000107|01012018|
1711200025346011|00000000594717|01012018|
1711170025347011|00000000434353|01012018|
1711200025348011|00000000434191|01012018|
1711200025349011|00000000442372|01012018|
1711200025350011|00000000738140|01012018|
1711170025351011|00000000663387|01012018|
1711170025352011|00000000723380|01012018|
1711170025353011|00000000629286|01012018|
1711200025354011|00000000687804|01012018|
1711170025355011|00000000648744|01012018|
1711170025356011|00000000559644|01012018|
1711200025358011|00000000503932|01012018|
1711260025357011|47190129001064|01012018|
1711170025359011|00000000574287|01012018|
1711170025360011|00000000531120|01012018|
1711170025361011|00000000513300|01012018|
1711160025362011|00000000583944|01012018|
1711200025363011|00000000544299|01012018|
1711200025364011|00000000592501|01012018|
1711170025365011|00000000558753|01012018|
1711200025367011|00000000583197|01012018|
1711260025366011|47190129000173|01012018|
1711170025368011|00000000695157|01012018|
1711170025369011|00000000596418|01012018|
1711170025370011|00000000721921|01012018|
1711170025371011|00000000246000|01012018|
1711170025372011|00000000224111|01012018|
1711200025373011|00000000231240|01012018|
1711200025374011|00000000391794|01012018|
1711200025375011|00000000389978|01012018|
1711170025376011|00000000109606|01012018|
1711200025377011|00000000106348|01012018|
1711200025378011|00000000132268|01012018|
1711200025379011|00000000158739|01012018|
1711170025380011|00000000216283|01012018|
1711200025381011|00000000245461|01012018|
1711200025382011|00000000255424|01012018|
1711200025383011|00000000284602|01012018|
1711170025384011|00000000285170|01012018|
1711170025385011|00000000287547|01012018|
1711170025386011|00000000314455|01012018|
1711170025387011|00000000369195|01012018|
1711170025388011|00000000385395|01012018|
1711240025389011|00000000402583|01012018|
1711200025390011|00000000425281|01012018|
1711170025391011|00000000431257|01012018|
1711170025392011|00000000432814|01012018|
1711200025393011|00000000028010|01012018|
1711200025394011|00000000027634|01012018|
1711200025395011|00000000035220|01012018|
1711200025396011|00000000028363|01012018|
1711270025397011|92715812011095|01012018|
1711270025399011|92715812011176|01012018|
1711250025398011|90400888216072|01012018|
1711250025400011|90400888219330|01012018|
1711270025401011|90400888231543|01012018|
1711230025402011|92715812018693|01012018|
1711080025403011|00935396000169|01012018|
1711270025405011|92715812019231|01012018|
1711270025404011|90400888232868|01012018|
1711270025406011|92715812020400|01012018|
1711270025407011|90400888236502|01012018|
1711270025408011|92715812022968|01012018|
1711270025410011|92715812023778|01012018|
1711230025409011|44346583000182|01012018|
1711270025411011|90400888238980|01012018|
1711110025412011|90400888002609|01012018|
1711070024677031|12066015000131|01012018|
1711270025413011|90400888239951|01012018|
1711110025414011|90400888002943|01012018|
1711270025415011|90400888240372|01012018|
1711110025416011|90400888003087|01012018|
1711230025418011|03603739002472|01012018|
1711250025417011|90400888240704|01012018|
1711270025419011|92715812029032|01012018|
1711200025420011|44373108000600|01012018|
1711110025423011|90400888003672|01012018|
1711250025422011|90400888241263|01012018|
1711270025425011|03603739001077|01012018|
1711250025424011|90400888220509|01012018|
1711130025426011|08522820000155|01012018|
1711270025427011|92715812032254|01012018|
1711110025428011|90400888006183|01012018|
1711110025429011|90400888009018|01012018|
1711030025430011|21025069001979|01012018|
1711110025431011|90400888009956|01012018|
1711110025433011|90400888015174|01012018|
1711240025432011|90400888191223|01012018|
1711270025434011|92715812033145|01012018|
1711110025437011|90400888017207|01012018|
1711270025436021|92715812033226|01012018|
1711110025438011|90400888017541|01012018|
1711270025441011|92715812033307|01012018|
1711110025443011|90400888024246|01012018|
1711270025442011|90400888193943|01012018|
1711240025439021|90400888191495|01012018|
1711110025444011|90400888025307|01012018|
1711270025445011|90400888194753|01012018|
1711110025446011|90400888025722|01012018|
1711240025447011|90400888194834|01012018|
1711110025448011|90400888029639|01012018|
1711270025450011|92715812041407|01012018|
1711270025449011|90400888195210|01012018|
1711110025452011|90400888031889|01012018|
1711270025451011|90400888196101|01012018|
1711270025453011|14524540000189|01012018|
1711170025455011|02415408000150|01012018|
1711110025456011|90400888039197|01012018|
1711270025457011|90400888198074|01012018|
1711240025454021|90400888197264|01012018|
1711270025435031|03603739002391|01012018|
1711240025458011|90400888198589|01012018|
1711110025459011|90400888046215|01012018|
1711110025460011|90400888047025|01012018|
1711270025461011|90400888199399|01012018|
1711100025463011|00332087000528|01012018|
1711110025464011|90400888058060|01012018|
1711240025462011|90400888199470|01012018|
1711080025465011|76576313000154|01012018|
1711270025466011|02415408001121|01012018|
1711200025468011|45256997000183|01012018|
1711200025470011|52123916000213|01012018|
1711110025471011|90400888059465|01012018|
1711100025469021|84590900000126|01012018|
1711270025473011|00332087000102|01012018|
1711230025474011|84590900010784|01012018|
1711230025475011|84590900011241|01012018|
1711270025440031|52850682001016|01012018|
1711110025477011|90400888060986|01012018|
1711270025476021|89850341001484|01012018|
1711270025479011|83901983000164|01012018|
1711270025480011|92715812041679|01012018|
1711240025482011|62577929000135|01012018|
1711270025483011|85204881000115|01012018|
1711270025484011|92715812042055|01012018|
1711110025485011|90400888065350|01012018|
1711270025486011|92715812042802|01012018|
1711230025488011|61099834000190|01012018|
1711270025487011|90400888200150|01012018|
1711270025489011|90400888200745|01012018|
1711270025490011|90400888200907|01012018|
1711270025491011|07571746003110|01012018|
1711270025492011|92715812046719|01012018|
1711130025493011|90400888072054|01012018|
1711270025494011|90400888202446|01012018|
1711130025495011|90400888072216|01012018|
1711270025496011|72366818000133|01012018|
1711270025497011|61584223000138|01012018|
1711140025498011|90400888083684|01012018|
1711270025500011|61584223000723|01012018|
1711270025501011|61584223001703|01012018|
1711270025499011|90400888203256|01012018|
1711270025502011|61584223001886|01012018|
1711140025503011|90400888084060|01012018|
1711270025504011|90400888203507|01012018|
1711270025505011|90400888205208|01012018|
1711140025506011|90400888086438|01012018|
1711210025507021|25834847001840|01012018|
1711140025508011|90400888094457|01012018|
1711270025509011|90400888210384|01012018|
1711270025510011|17534128000138|01012018|
1711250025511011|90400888210465|01012018|
1711270025513011|90400888212590|01012018|
1711270025514011|95792040000120|01012018|
1711130025481021|42591651000143|01012018|
1711140025515011|90400888119891|01012018|
1711200025516011|04370282000170|01012018|
1711270025517011|10656452009217|01012018|
1711140025518011|90400888121284|01012018|
1711270025519011|12706289000148|01012018|
1711140025520011|90400888121527|01012018|
1711270025522011|91495499000100|01012018|
1711140025521011|90400888124704|01012018|
1711270025523011|11096423000173|01012018|
1711210025525011|42591651000739|01012018|
1711140025524011|90400888125433|01012018|
1711250025526011|10820645000124|01012018|
1711140025527011|90400888125514|01012018|
1711270025528011|61099834002304|01012018|
1711210025529011|42591651001034|01012018|
1711270025530011|07073027000900|01012018|
1711270025531011|59135509000437|01012018|
1711270025533011|61099834004854|01012018|
1711140025532011|90400888125603|01012018|
1711270025534011|88037668000154|01012018|
1711270025536011|61099834009309|01012018|
1711270025537011|07073027001044|01012018|
1711140025538011|90400888126405|01012018|
1711270025539011|59135509000607|01012018|
1711270025535021|89637490013557|01012018|
1711140025540011|90400888129420|01012018|
1711210025541011|42591651001115|01012018|
1711140025542011|90400888131247|01012018|
1711270025543011|61099834032041|01012018|
1711210025544011|42591651180532|01012018|
1711270025545011|90400888132804|01012018|
1711270025546011|61099834026580|01012018|
1711270025547011|07073027004817|01012018|
1711270025548011|61099834042519|01012018|
1711210025549011|42591651180028|01012018|
1711270025551011|61099834048479|01012018|
1711270025550011|90400888133452|01012018|
1711210025552011|42591651179950|01012018|
1711270025553011|61099834049793|01012018|
1711100025554011|17463456000352|01012018|
1711010023407021|02308873000787|01012018|
1711270025555011|89637490013638|01012018|
1711100025556011|17463456000867|01012018|
1711100025557011|17463456001081|01012018|
1711010023412021|02308873000191|01012018|
1711100025558011|17463456001162|01012018|
1711130025560011|00117965000169|01012018|
1711220025561011|17463456001596|01012018|
1711100025562011|17463456002487|01012018|
1711220025563011|17463456005079|01012018|
1711270025564011|17463456005826|01012018|
1711270025565011|79283065000141|01012018|
1711270025567011|79283065000303|01012018|
1711270025568011|06200631000130|01012018|
1711160025569011|17185786001990|01012018|
1711270025570011|03750757000190|01012018|
1711210025571011|42591651001204|01012018|
1711210025572011|42591651001891|01012018|
1711140025573011|90400888101682|01012018|
1711210025574011|42591651001972|01012018|
1711140025576011|90400888105327|01012018|
1711270025575011|90400888134181|01012018|
1711270025577011|09077272000164|01012018|
1711220024363021|03102481000134|01012018|
1711140025578011|90400888107290|01012018|
1711140025579011|90400888107451|01012018|
1711210025581011|42591651002600|01012018|
1711140025583011|90400888109403|01012018|
1711140025584011|90400888110401|01012018|
1711220025586011|42591651002863|01012018|
1711270025585011|90400888146864|01012018|
1711210025588011|42591651179798|01012018|
1711270025589011|07073027005201|01012018|
1711150025587011|90400888148212|01012018|
1711140025590011|90400888111130|01012018|
1711270025591011|84432111000167|01012018|
1711220024334021|03790408000798|01012018|
1711140025592011|90400888112102|01012018|
1711210025593011|42591651179607|01012018|
1711270025594011|90400888151604|01012018|
1711140025595011|90400888113770|01012018|
1711220025596011|42591651002944|01012018|
1711210025598011|42591651179526|01012018|
1711270025599011|02221531000130|01012018|
1711270025597011|90400888153801|01012018|
1711270025600011|90400888244106|01012018|
1711220025601011|42591651003169|01012018|
1711210025602011|42591651179011|01012018|
1711270025603011|90400888244289|01012018|
1711270025604011|90400888159338|01012018|
1711220025605011|03790408000879|01012018|
1711210025606011|42591651178988|01012018|
1711150025608011|90400888160182|01012018|
1711210025609011|42591651178040|01012018|
1711220025610011|42591651003401|01012018|
1711270025611011|90400888161073|01012018|
1711220025612011|42591651177825|01012018|
1711260025613011|90400888251579|01012018|
1711270025614011|90400888166202|01012018|
1711220025615011|42591651177230|01012018|
1711270025616011|90400888166709|01012018|
1711230025617011|42591651177078|01012018|
1711220025618011|42591651003754|01012018|
1711220025619011|42591651176420|01012018|
1711270025620011|03497792000140|01012018|
1711220025621011|42591651003916|01012018|
1711270025622011|90400888172199|01012018|
1711270025623011|90400888255213|01012018|
1711270025624011|85109601000190|01012018|
1711240025625011|42591651176268|01012018|
1711170024137021|19454129000106|01012018|
1711220025626011|33453598001014|01012018|
1711150025628011|90400888174051|01012018|
1711220025629011|42591651176187|01012018|
1711220025630011|42591651005536|01012018|
1711270025627021|84432111001643|01012018|
1711190025631011|90400888178200|01012018|
1711220025632011|42591651176004|01012018|
1711220025634011|42591651005706|01012018|
1711240025633011|03431237000115|01012018|
1711270025635011|02873558000107|01012018|
1711270025636011|92715812046808|01012018|
1711240025637011|10942995000163|01012018|
1711190025639011|90400888178472|01012018|
1711220025641011|42591651174486|01012018|
1711200025640011|07207996008134|01012018|
1711270025582021|07594978007342|01012018|
1711220025642011|42591651006265|01012018|
1711200025643011|07207996010201|01012018|
1711240025644011|50844182001712|01012018|
1711220025645011|42591651006346|01012018|
1711220025646011|42591651174303|01012018|
1711210025512041|59135509000194|01012018|
1711240025647011|07207996011003|01012018|
1711260025648011|90400888263070|01012018|
1711220025649011|42591651174133|01012018|
1711270025650011|07594978007938|01012018|
1711270025651011|33055146040810|01012018|
1711270025652011|90400888179959|01012018|
1711270025654011|18635496000135|01012018|
1711220025655011|42591651173919|01012018|
1711080025638021|76900463000171|01012018|
1711270025656011|92715812047286|01012018|
1711270025657011|90400888180027|01012018|
1711240025659011|00146889000543|01012018|
1711130025653021|76900463001658|01012018|
1711270025660011|00807623000170|01012018|
1711270025658011|84432111000671|01012018|
1711270025661011|90400888180299|01012018|
1711220025662011|42591651006770|01012018|
1711130025663011|76900463001739|01012018|
1711220025664011|42591651173595|01012018|
1711270025665011|90400888264123|01012018|
1711070025666011|07442711000165|01012018|
1711030025667011|76900463002115|01012018|
1711230025668011|90400888184871|01012018|
1711230025669011|92715812047790|01012018|
1711270025670011|90400888186572|01012018|
1711220025671011|42591651173242|01012018|
1711220025672011|42591651007237|01012018|
1711270025673011|92715812049734|01012018|
1711240025674011|90400888190413|01012018|
1711270025675011|07594973000307|01012018|
1711270025676011|90400888269605|01012018|
1711170025677011|04908058000199|01012018|
1711170025679011|17185786002296|01012018|
1711210025680011|42591651173161|01012018|
1711270025678011|61062212000198|01012018|
1711220025681011|42591651008802|01012018|
1711220025682011|42591651172785|01012018|
1711260025683011|90400888273114|01012018|
1711230025685011|19818301000155|01012018|
1711270025684011|49732175004099|01012018|
1711270025686011|56350127000195|01012018|
1711270025687011|92715812051046|01012018|
1711220025688011|42591651172432|01012018|
1711220025690011|42591651009019|01012018|
1711270025689011|09055081000100|01012018|
1711220025692011|42591651171975|01012018|
1711270025691011|49732175006113|01012018|
1711270025693011|90400888288146|01012018|
1711270025694011|84432111000248|01012018|
1711270025695011|90400888292097|01012018|
1711270025607021|84432111000400|01012018|
1711270025696011|08644821000920|01012018|
1711270025697011|61808531000361|01012018|
1711220025698011|42591651009442|01012018|
1711270025699011|26815464000140|01012018|
1711270025700011|61087367001665|01012018|
1711220025701011|42591651171541|01012018|
1711170025702011|17578354000110|01012018|
1711230025703011|42591651009795|01012018|
1711270025704011|81000564000126|01012018|
1711230025706011|42591651010610|01012018|
1711200024287021|42382879000476|01012018|
1711030025705011|01261681000104|01012018|
1711270025708011|92715812053090|01012018|
1711230025710011|42591651012907|01012018|
1711100025709011|01261681000295|01012018|
1711160025711011|42591651171380|01012018|
1711270025707021|85377174000392|01012018|
1711240025712011|42591651013040|01012018|
1711160025713011|60989654000111|01012018|
1711110025714011|05075190000120|01012018|
1711230025715011|42591651014950|01012018|
1711270025716011|92715812056439|01012018|
1711080025718011|33657248000421|01012018|
1711220025719011|42591651170570|01012018|
1711270025720011|91802041043557|01012018|
1711230025721011|42591651015256|01012018|
1711240025723011|61091963000647|01012018|
1711270025724011|30621890000209|01012018|
1711270025722011|51594950000122|01012018|
1711220025725011|42591651170065|01012018|
1711230025726011|42591651015418|01012018|
1711270025727011|92715812056609|01012018|
1711230025717021|83310441003302|01012018|
1711270025729011|92715812056943|01012018|
1711270025728011|07432517000107|01012018|
1711230025730011|42591651015680|01012018|
1711060025731011|47960950004623|01012018|
1711270025732011|08692843000370|01012018|
1711270025733011|20739249000120|01012018|
1711220025734011|07879027000145|01012018|
1711220025735011|42591651168834|01012018|
1711270025736011|03278392000143|01012018|
1711230025738011|42591651016066|01012018|
1711270025737011|47379565000438|01012018|
1711270025739011|47379565005154|01012018|
1711270025741011|47379565019961|01012018|
1711230025743011|42591651016570|01012018|
1711270025744011|07827018000100|01012018|
1711160025745011|42591651167781|01012018|
1711270025746011|61091963001104|01012018|
1711060025747011|47960950005433|01012018|
1711270025748011|91802041052033|01012018|
1711240025749011|42591651167005|01012018|
1711220025752011|42591651166971|01012018|
1711240025753011|42591651016651|01012018|
1711060025754011|47960950005948|01012018|
1711270025755011|90400888201989|01012018|
1711220025756011|42591651166467|01012018|
1711270025757011|88191069000190|01012018|
1711240025758011|42591651016813|01012018|
1711060025760011|47960950006162|01012018|
1711270025761011|32681371004755|01012018|
1711270025759011|58410341000387|01012018|
1711270025763011|90400888221742|01012018|
1711240025762011|01682147000252|01012018|
1711270025764011|92715812057834|01012018|
1711270025765011|73325722000190|01012018|
1711220025766011|42591651166203|01012018|
1711060025767011|47960950006405|01012018|
1711240025768011|42591651017542|01012018|
1711270025770011|32681371004917|01012018|
1711270025769011|33337007000152|01012018|
1711270025772011|32681371005212|01012018|
1711220025773011|42591651165819|01012018|
1711060025774011|47960950006596|01012018|
1711240025775011|89751036000110|01012018|
1711270025776011|32681371003864|01012018|
1711270025778011|32681371003350|01012018|
1711270025779011|32681371003198|01012018|
1711060025780011|47960950007720|01012018|
1711270025781011|92715812057915|01012018|
1711270025782011|32681371002701|01012018|
1711270025783011|33337007000314|01012018|
1711270025784011|32681371001900|01012018|
1711270025785011|33263906000158|01012018|
1711270025786011|32681371001578|01012018|
1711020024774021|90400888000142|01012018|
1711270025787011|32681371000920|01012018|
1711270025789011|90400888237231|01012018|
1711090025790011|00253137000239|01012018|
1711200025742031|03790408000100|01012018|
1711220025791011|42591651165142|01012018|
1711240025792011|42591651017895|01012018|
1711270025793011|07677731000204|01012018|
1711220025795011|42591651165061|01012018|
1711240025797011|42591651018000|01012018|
1711270025796011|33337007000829|01012018|
1711220025798011|42591651164502|01012018|
1711270025799011|61156501007240|01012018|
1711270025751021|55460554000163|01012018|
1711240025800011|42591651018190|01012018|
1711220025801011|42591651164413|01012018|
1711270025802011|61156501020777|01012018|
1711210025803011|48754139000157|01012018|
1711240025804011|42591651018786|01012018|
1711270025805011|07943560000129|01012018|
1711270025806011|61156501009960|01012018|
1711270025807011|61156501009293|01012018|
1711240025808011|42591651163956|01012018|
1711060025809011|47960950008378|01012018|
1711220025810011|42591651163875|01012018|
1711240025811011|42591651019405|01012018|
1711160025812011|32172751000181|01012018|
1711270025813011|74404229000209|01012018|
1711060025814011|47960950008530|01012018|
1711270025815011|60860087010242|01012018|
1711220025816011|42591651163603|01012018|
1711060025817011|47960950008882|01012018|
1711270025818011|60860087010323|01012018|
1711220025819011|42591651162550|01012018|
1711240025820011|42591651019910|01012018|
1711270025821011|00360305008350|01012018|
1711060025822011|47960950008963|01012018|
1711240025823011|60860087019622|01012018|
1711220025824011|42591651161902|01012018|
1711240025825011|60860087016607|01012018|
1711060025826011|47960950009269|01012018|
1711270025827011|00200671000104|01012018|
1711270025828011|09444920000173|01012018|
1711240025829011|42591651021060|01012018|
1711060025830011|47960950009692|01012018|
1711270025831011|02116081000115|01012018|
1711060025833011|47960950010194|01012018|
1711240025834011|42591651022384|01012018|
1711270025835011|06373182000122|01012018|
1711060025836011|47960950011832|01012018|
1711240025838011|42591651022708|01012018|
1711270025837011|33337007008307|01012018|
1711270025839011|33337007006860|01012018|
1711060025841011|47960950011913|01012018|
1711240025842011|42591651022899|01012018|
1711060025843011|47960950013100|01012018|
1711240025844011|79620159000169|01012018|
1711240025845011|42591651023003|01012018|
1711270025846011|33042730011734|01012018|
1711270025848011|10207855000141|01012018|
1711270025849011|07028678000121|01012018|
1711270025847011|56727795000199|01012018|
1711060025850011|47960950013290|01012018|
1711060025851011|47960950014009|01012018|
1711270025852011|33197120000180|01012018|
1711270025853011|00360305008784|01012018|
1711060025854011|47960950014181|01012018|
1711240025855011|42591651023437|01012018|
1711060025856011|47960950015587|01012018|
1711060025857011|47960950017016|01012018|
1711170025858011|64545866000160|01012018|
1711270025859011|00360305009241|01012018|
1711240025860011|42591651023518|01012018|
1711060025861011|47960950017520|01012018|
1711270025862011|52462215000128|01012018|
1711060025863011|47960950017873|01012018|
1711200025840021|13224659000173|01012018|
1711060025864011|47960950019574|01012018|
1711270025865011|00253137000409|01012018|
1711060025866011|47960950020319|01012018|
1711060025868011|47960950021803|01012018|
1711270025869011|03606810000184|01012018|
1711270025871011|00360305011300|01012018|
1711110024102021|72071541000200|01012018|
1711270025874011|13959986000840|01012018|
1711220025832021|13504675000110|01012018|
1711270025876011|13959986000173|01012018|
1711270025878011|04562412000338|01012018|
1711060025879011|47960950022362|01012018|
1711060025882011|47960950022605|01012018|
1711060025883011|47960950023415|01012018|
1711060025884011|47960950023504|01012018|
1711060025885011|47960950025035|01012018|
1711270025886011|03379983000107|01012018|
1711060025887011|47960950025540|01012018|
1711060025888011|47960950026350|01012018|
1711060025889011|47960950026864|01012018|
1711060025890011|47960950028646|01012018|
1711060025891011|47960950029022|01012018|
1711060025892011|47960950029103|01012018|
1711060025893011|47960950029375|01012018|
1711060025895011|47960950029456|01012018|
1711270025894011|04169215002488|01012018|
1711060025896011|47960950030624|01012018|
1711060025897011|47960950030977|01012018|
1711060025898011|47960950031272|01012018|
1711060025900011|47960950032678|01012018|
1711060025902011|47960950032910|01012018|
1711060025904011|47960950034379|01012018|
1711060025906011|47960950034530|01012018|
1711060025909011|47960950034700|01012018|
1711060025913011|47960950034883|01012018|
1711060025915011|47960950036231|01012018|
1711060025917011|47960950037807|01012018|
1711060025920011|47960950037980|01012018|
1711060025922011|47960950040425|01012018|
1711060025924011|47960950040930|01012018|
1711270025925011|32175325000100|01012018|
1711060025926011|47960950042126|01012018|
1711060025929011|47960950044250|01012018|
1711060025932011|47960950044846|01012018|
1711240025931011|48424774000176|01012018|
1711070025933011|47960950044927|01012018|
1711070025934011|47960950045818|01012018|
1711070025935011|47960950047438|01012018|
1711070025937011|47960950048671|01012018|
1711070025938011|47960950050226|01012018|
1711070025939011|47960950050730|01012018|
1711070025940011|47960950051036|01012018|
1711070025941011|47960950051460|01012018|
1711070025942011|47960950051621|01012018|
1711070025944011|47960950051702|01012018|
1711070025945011|47960950051974|01012018|
1711070025946011|47960950052512|01012018|
1711070025947011|47960950053322|01012018|
1711070025948011|47960950053594|01012018|
1711070025949011|47960950053675|01012018|
1711070025950011|47960950054051|01012018|
1711070025951011|47960950054302|01012018|
1711070025952011|47960950054485|01012018|
1711070025953011|47960950054809|01012018|
1711070025954011|47960950055708|01012018|
1711070025955011|47960950056852|01012018|
1711070025956011|47960950057239|01012018|
1711070025957011|47960950057743|01012018|
1711070025959011|47960950058200|01012018|
1711270025958011|31334691000193|01012018|
1711070025960011|47960950058804|01012018|
1711070025961011|47960950059606|01012018|
1711070025962011|47960950064529|01012018|
1711070025963011|47960950064600|01012018|
1711070025964011|47960950066572|01012018|
1711070025966011|47960950071657|01012018|
1711070025967011|47960950073510|01012018|
1711140025965021|09110880000123|01012018|
1711070025968011|47960950074249|01012018|
1711070025969011|47960950074915|01012018|
1711070025970011|47960950075725|01012018|
1711070025971011|47960950076292|01012018|
1711070025972011|47960950077345|01012018|
1711070025973011|47960950078074|01012018|
1711070025974011|47960950078821|01012018|
1711070025975011|47960950079550|01012018|
1711070025976011|47960950079631|01012018|
1711070025977011|47960950080214|01012018|
1711070025978011|47960950081296|01012018|
1711070025979011|47960950082187|01012018|
1711070025980011|47960950082268|01012018|
1711070025981011|47960950082420|01012018|
1711070025982011|47960950082691|01012018|
1711070025983011|47960950082853|01012018|
1711070025984011|47960950082934|01012018|
1711270025985011|29430303000126|01012018|
1711070025986011|47960950083078|01012018|
1711070025987011|47960950083582|01012018|
1711070025988011|47960950085445|01012018|
1711070025989011|47960950085798|01012018|
1711070025990011|47960950086174|01012018|
1711070025991011|47960950086417|01012018|
1711070025992011|47960950087227|01012018|
1711070025993011|47960950087812|01012018|
1711070025994011|47960950088622|01012018|
1711070025995011|47960950088703|01012018|
1711070025996011|47960950090953|01012018|
1711070025997011|47960950092301|01012018|
1711070025998011|47960950094002|01012018|
1711060025999011|47960950036070|01012018|
1711260026000011|01682147000414|01012018|
1711270026001011|31934318000173|01012018|
1711270025421021|61160438000121|01012018|
1711270026002011|21568407000190|01012018|
1711170026003011|61160438000474|01012018|
1711280026005011|61371993000100|01012018|
1711280026006011|49615818000108|01012018|
1711280026007011|27451582000855|01012018|
1711270026008011|89962294000146|01012018|
1711220025559021|17463456001324|01012018|
1711270026009011|29535275000101|01012018|
1711280026011011|61546479000150|01012018|
1711280026012011|43708379000100|01012018|
1711280026013011|43708379000444|01012018|
1711280026014011|29840154000173|01012018|
1711280026016011|92715812059020|01012018|
1711280026017011|03229127000337|01012018|
1711280026018011|92715812060703|01012018|
1711280026019011|43708379000606|01012018|
1711280026020011|92715812060894|01012018|
1711280026021011|43708379001092|01012018|
1711230026022011|92715812062323|01012018|
1711280026010021|05054332000172|01012018|
1711280026023011|43708379002064|01012018|
1711280026024011|92715812063052|01012018|
1711280026025011|43708379002145|01012018|
1711270026026011|07037123000146|01012018|
1711280026027011|43708379002226|01012018|
1711170026028011|82015652000164|01012018|
1711280026029011|92715812063214|01012018|
1711270026030011|87315099000107|01012018|
1711270026031011|87315099000875|01012018|
1711280026032011|43708379002307|01012018|
1711240026033011|03979056000128|01012018|
1711280026034011|92715812064377|01012018|
1711280026035011|43708379002730|01012018|
1711280026036011|43708379004008|01012018|
1711280026038011|92715812071314|01012018|
1711280026037011|43708379004431|01012018|
1711280026039011|43708379005675|01012018|
1711070026040011|00095840000185|01012018|
1711280026041011|43708379006485|01012018|
1711280026042011|92715812072124|01012018|
1711160026043011|84688589000314|01012018|
1711280026044011|05253499000162|01012018|
1711280026045021|00190373000768|01012018|
1711270026046011|60887189000108|01012018|
1711280026047011|71673990003940|01012018|
1711280026048011|71673990000177|01012018|
1711250026049011|09296295000160|01012018|
1711280026051011|43708379007880|01012018|
1711230026052011|92715812073287|01012018|
1711280026053011|92715812077355|01012018|
1711280026054011|43708379007457|01012018|
1711280026055011|81639791002573|01012018|
1711280026057011|92715812078165|01012018|
1711280026058011|43708379009581|01012018|
1711280026059021|92715812079480|01012018|
1711280026064011|43708379011136|01012018|
1711280026065011|92715812079722|01012018|
1711280026060021|04641376007653|01012018|
1711280026066011|05500934000106|01012018|
1711130026063011|33273079000183|01012018|
1711280026068011|92715812079803|01012018|
1711220026069011|83062174000106|01012018|
1711250026070011|09296295000240|01012018|
1711280026071011|92715812080577|01012018|
1711280026074011|92715812081034|01012018|
1711270026075011|17277583000103|01012018|
1711280026072011|34230979015057|01012018|
1711280026076011|81595191000183|01012018|
1711280026077011|92715812081387|01012018|
1711280026067021|34230979004446|01012018|
1711270026079011|02464053000199|01012018|
1711250026080011|09296295000321|01012018|
1711280026081011|59106245000140|01012018|
1711280026082011|34230979006902|01012018|
1711270026083011|55163554000100|01012018|
1711280026084011|01098983001002|01012018|
1711280026094011|01098983015801|01012018|
1711280026093011|59106245000655|01012018|
1711280026092011|34230979012465|01012018|
1711200025467021|52123916000132|01012018|
1711280026096011|04864639000176|01012018|
1711280026095021|34230979015561|01012018|
1711280026097011|45580693000177|01012018|
1711280026099011|27496819000148|01012018|
1711200026015031|16849231000538|01012018|
1711280026100011|59106245000817|01012018|
1711220026101011|42591651161406|01012018|
1711280026102011|34230979014751|01012018|
1711270026112011|52541760000100|01012018|
1711250026113011|09296295000402|01012018|
1711160026114011|42591651161236|01012018|
1711280026115011|29850260000138|01012018|
1711070026117011|33164021000100|01012018|
1711280026116011|34230979006570|01012018|
1711280026062021|06290199000116|01012018|
1711280026118011|76610062000187|01012018|
1711250026119011|09296295000593|01012018|
1711240026120011|42591651160426|01012018|
1711200025472021|52123916001023|01012018|
1711220026121011|42591651003240|01012018|
1711070026123011|33164021000282|01012018|
1711280026124011|05532428000107|01012018|
1711250026125011|09296295000674|01012018|
1711280026122011|34230979004101|01012018|
1711060026061021|18565382000166|01012018|
1711220026126011|01026732000113|01012018|
1711220026127011|42591651159339|01012018|
1711250026128011|09296295000755|01012018|
1711220026129011|42591651158286|01012018|
1711280026130011|00360305012625|01012018|
1711250026131011|09296295000836|01012018|
1711240026132011|75339051000141|01012018|
1711240026133011|42591651023780|01012018|
1711280026134011|01786983000368|01012018|
1711250026136011|09296295000917|01012018|
1711280026137011|27189489000148|01012018|
1711060026139011|86532538003269|01012018|
1711250026140011|09296295001050|01012018|
1711240026138011|42591651023860|01012018|
1711060026073021|18565382000751|01012018|
1711280026141011|16849231000457|01012018|
1711250026142011|09296295001131|01012018|
1711140026143011|00568696000157|01012018|
1711060026078021|18565382000832|01012018|
1711100023698021|61898813000135|01012018|
1711220026144011|42591651158103|01012018|
1711280026147011|06867144000126|01012018|
1711270026148011|17210212000104|01012018|
1711250026146011|42591651024085|01012018|
1711250026149011|09296295001301|01012018|
1711280026150011|53591103000130|01012018|
1711280026151011|62174644000153|01012018|
1711220026152011|42591651156909|01012018|
1711280026153011|00360305013273|01012018|
1711280026154011|86532538002963|01012018|
1711250026155011|09296295001484|01012018|
1711060026156011|00410817000138|01012018|
1711280026157011|14309992000148|01012018|
1711090023699021|61898813000216|01012018|
1711280026158011|33000167003631|01012018|
1711250026159011|09296295001565|01012018|
1711280026160011|00360305013516|01012018|
1711240026161011|42591651024166|01012018|
1711280026162011|06867144000630|01012018|
1711280026163011|21572243000174|01012018|
1711250026164011|09296295001646|01012018|
1711280026165011|33172537000198|01012018|
1711280026166011|17064901000140|01012018|
1711280026168011|87858361000232|01012018|
1711140026169011|00568696000580|01012018|
1711240026167011|42591651024590|01012018|
1711250026170011|09296295001727|01012018|
1711280026171011|14309992000229|01012018|
1711280026172011|61487799000187|01012018|
1711250026173011|09296295001808|01012018|
1711280026174011|16849231000961|01012018|
1711110026175011|88309620000581|01012018|
1711210026176011|69214070000149|01012018|
1711280026177011|08347366000143|01012018|
1711250026178011|09296295001999|01012018|
1711250026179011|09296295002022|01012018|
1711140026181011|00568696000823|01012018|
1711240026180011|42591651024670|01012018|
1711280026183011|27451582001070|01012018|
1711250026184011|09296295002103|01012018|
1711280026185011|13786785000111|01012018|
1711140026186011|00568696001048|01012018|
1711270026187011|14309992000300|01012018|
1711250026189011|09296295002294|01012018|
1711280026190011|11092610000189|01012018|
1711280026188011|97417117000107|01012018|
1711250026192011|09296295002375|01012018|
1711240026191011|42591651025219|01012018|
1711280026193011|84683408000103|01012018|
1711280026194011|16849231000104|01012018|
1711140026195011|08504728000162|01012018|
1711280026196011|11352758000105|01012018|
1711240026197011|42591651096825|01012018|
1711250026198011|09296295002456|01012018|
1711280026199011|07175725002103|01012018|
1711240026213011|42591651055550|01012018|
1711250026214011|42591651074422|01012018|
1711240026212011|42591651026967|01012018|
1711140026215011|04540010000170|01012018|
1711280026216011|64179724000127|01012018|
1711240026217011|42591651056874|01012018|
1711280026219011|64179724000399|01012018|
1711170026220011|42591651097201|01012018|
1711250026218011|42591651027343|01012018|
1711280026221011|64179724000470|01012018|
1711280026222011|61487799000349|01012018|
1711240026224011|42591651056955|01012018|
1711250026223011|42591651074937|01012018|
1711280026225011|16849231001500|01012018|
1711140026226011|48041735001757|01012018|
1711240026227011|42591651097635|01012018|
1711280026229011|01719271000164|01012018|
1711140026230011|48041735002052|01012018|
1711240026228011|42591651028404|01012018|
1711250026231011|42591651075747|01012018|
1711240026232011|42591651057099|01012018|
1711240026233011|42591651097716|01012018|
1711280026234011|45309606000141|01012018|
1711090025916021|83310441004376|01012018|
1711140026235011|48041735002133|01012018|
1711250026236011|42591651076719|01012018|
1711240026237011|42591651057765|01012018|
1711240026238011|42591651097805|01012018|
1711140026240011|48041735002214|01012018|
1711280026241011|44597052007922|01012018|
1711280026239011|14448260000139|01012018|
1711240026243011|42591651057846|01012018|
1711240026242011|42591651028749|01012018|
1711140026244011|48041735002303|01012018|
1711250026245011|42591651076808|01012018|
1711250026246011|42591651098011|01012018|
1711270026247011|10885321000174|01012018|
1711250026248011|42591651077367|01012018|
1711280026250011|16849231001690|01012018|
1711280026251011|82607847000101|01012018|
1711240026249011|42591651029982|01012018|
1711240026252011|42591651098607|01012018|
1711140026253011|48041735002486|01012018|
1711250026254011|42591651077790|01012018|
1711240026255011|42591651098950|01012018|
1711250026257011|42591651078096|01012018|
1711140026258011|48041735002567|01012018|
1711240026256011|42591651030050|01012018|
1711270026259011|84584994000120|01012018|
1711130026260011|17155391000469|01012018|
1711240026261011|42591651099174|01012018|
1711280026262011|19776541000134|01012018|
1711250026263011|42591651078177|01012018|
1711240026264011|42591651100105|01012018|
1711160026265011|48041735002729|01012018|
1711250026267011|42591651078410|01012018|
1711240026268011|42591651030212|01012018|
1711280026266011|07150233001000|01012018|
1711240026269011|42591651102221|01012018|
1711160026270011|48041735002800|01012018|
1711250026271011|42591651078509|01012018|
1711250026272011|42591651102493|01012018|
1711270026273011|06303603000149|01012018|
1711280026274011|00360305015136|01012018|
1711160026275011|48041735002990|01012018|
1711250026276011|42591651079068|01012018|
1711160026279011|48041735003024|01012018|
1711250026280011|42591651079815|01012018|
1711280026282011|12006058000121|01012018|
1711250026281011|42591651030301|01012018|
1711160026284011|48041735003105|01012018|
1711250026285011|42591651079904|01012018|
1711010026286011|76430438000171|01012018|
1711160026287011|48041735003296|01012018|
1711280026289011|71896880000174|01012018|
1711250026290011|42591651080660|01012018|
1711280026294011|00360305015993|01012018|
1711240026291011|42591651030565|01012018|
1711200026292011|76430438000414|01012018|
1711160026295011|48041735003377|01012018|
1711250026297011|42591651081046|01012018|
1711200026296011|76430438000686|01012018|
1711160026300011|48041735003539|01012018|
1711200026299011|76430438000767|01012018|
1711280026301011|00360305016027|01012018|
1711250026302011|42591651081127|01012018|
1711160026303011|48041735003610|01012018|
1711240026304011|08385093000121|01012018|
1711250026305011|42591651081550|01012018|
1711240026306011|42591651103546|01012018|
1711250026307011|42591651082441|01012018|
1711280026309011|00360305016108|01012018|
1711160026310011|48041735003709|01012018|
1711240026308011|13616378000166|01012018|
1711250026312011|42591651082603|01012018|
1711280026313011|33000167009320|01012018|
1711240026311011|13616378000247|01012018|
1711250026316011|42591651083251|01012018|
1711280026318011|33000167010255|01012018|
1711200026317011|76430438001810|01012018|
1711280026319011|52034139000150|01012018|
1711280026320011|57559387000480|01012018|
1711280026323011|57559387000995|01012018|
1711280026324011|33000167086073|01012018|
1711200026322011|76430438002549|01012018|
1711280026326011|57559387001029|01012018|
1711200026325011|76430438002620|01012018|
1711140026329011|48041735000190|01012018|
1711010026327011|76430438002700|01012018|
1711250026331011|42591651104003|01012018|
1711280026332011|57559387001100|01012018|
1711200026330011|76430438002891|01012018|
1711280026333011|33000167012541|01012018|
1711280026335011|57559387001290|01012018|
1711200026334011|76430438002972|01012018|
1711240026337011|42591651135405|01012018|
1711240026338011|42591651104194|01012018|
1711210026336011|76430438003006|01012018|
1711250026340011|42591651084061|01012018|
1711210026339011|76430438003278|01012018|
1711240026343011|42591651104356|01012018|
1711270025914031|45827425000107|01012018|
1711210026342011|76430438003510|01012018|
1711280026345011|06296755000161|01012018|
1711220026346011|42591651165657|01012018|
1711250026347011|42591651084576|01012018|
1711210026344011|76430438003600|01012018|
1711240026348011|42591651106642|01012018|
1711160026349011|16551758000158|01012018|
1711210026350011|76430438003782|01012018|
1711280026351011|33000167064347|01012018|
1711240026353011|42591651032266|01012018|
1711270025918021|45827425000298|01012018|
1711220026354011|42591651100601|01012018|
1711220026352011|76430438004088|01012018|
1711250026355011|42591651085548|01012018|
1711240026356011|42591651129855|01012018|
1711160026357011|02918654001449|01012018|
1711240026359011|42591651108505|01012018|
1711220026358011|76430438004401|01012018|
1711240025919021|45827425000379|01012018|
1711160026362011|40303299000178|01012018|
1711280026363011|42591651010530|01012018|
1711220026360011|76430438004592|01012018|
1711280026364011|33000167082248|01012018|
1711280026366011|33000167100750|01012018|
1711250026368011|42591651065601|01012018|
1711270025921021|45827425000883|01012018|
1711220026365011|76430438004673|01012018|
1711220026369011|76430438004754|01012018|
1711250026371011|42591651086439|01012018|
1711220026372011|42591651006931|01012018|
1711130026373011|02918654000558|01012018|
1711220026370011|76430438004835|01012018|
1711240026367021|42591651109072|01012018|
1711210026375011|01473781000102|01012018|
1711250026376011|42591651086510|01012018|
1711220026374011|76430438005050|01012018|
1711270025923021|45827425001006|01012018|
1711160026377011|02918654000639|01012018|
1711240026379011|42591651110321|01012018|
1711250026380011|42591651087168|01012018|
1711220026378011|76430438005130|01012018|
1711280026382011|71896880000336|01012018|
1711220026385011|42591651061444|01012018|
1711220026383011|76430438005300|01012018|
1711240026386011|42591651111301|01012018|
1711240026388011|42591651087320|01012018|
1711220026387011|76430438005483|01012018|
1711240026390011|42591651112707|01012018|
1711220026392011|42591651130276|01012018|
1711240025903021|45827425002665|01012018|
1711220026393011|42591651092838|01012018|
1711240026394011|42591651087834|01012018|
1711220026391011|76430438005564|01012018|
1711250026396011|42591651066756|01012018|
1711270025899021|45827425002827|01012018|
1711240026395011|76430438005645|01012018|
1711280026398011|33000167108492|01012018|
1711240026399011|42591651113851|01012018|
1711220026401011|42591651088725|01012018|
1711250026402011|42591651088300|01012018|
1711240026400011|76430438005807|01012018|
1711270025905031|45827425002584|01012018|
1711280026406011|33000167112252|01012018|
1711250026407011|42591651114238|01012018|
1711080026403011|17119291000134|01012018|
1711240026405011|76430438005998|01012018|
1711220026408011|42591651023941|01012018|
1711220026410011|42591651160183|01012018|
1711240026412011|42591651089101|01012018|
1711240026409011|76430438006021|01012018|
1711220026414011|42591651012826|01012018|
1711240026413011|76430438006102|01012018|
1711250026415011|42591651114580|01012018|
1711240025907021|45827425002401|01012018|
1711240026417011|42591651089454|01012018|
1711240026416011|76430438006293|01012018|
1711240026418011|42591651136630|01012018|
1711270025927031|45827425001189|01012018|
1711220026419011|42591651174052|01012018|
1711250026421011|42591651115048|01012018|
1711160026422011|42591651161317|01012018|
1711240026420011|76430438006374|01012018|
1711240026423011|42591651090118|01012018|
1711220026426011|42591651125434|01012018|
1711270025908021|45827425002312|01012018|
1711280026424011|07175725000160|01012018|
1711250026429011|42591651115471|01012018|
1711240026425011|76430438006455|01012018|
1711240026431011|42591651090703|01012018|
1711240026432011|76430438006536|01012018|
1711250026435011|42591651115714|01012018|
1711280026437011|83060012000139|01012018|
1711220026436011|42591651012311|01012018|
1711250026440011|42591651090894|01012018|
1711210026442011|42591651000577|01012018|
1711240026438011|76430438006617|01012018|
1711280026439011|07175725000593|01012018|
1711250026445011|42591651116010|01012018|
1711270025928021|45827425001340|01012018|
1711220026447011|42591651017623|01012018|
1711240026448011|42591651014608|01012018|
1711240026444011|76430438006889|01012018|
1711240026450011|42591651090975|01012018|
1711280026446011|07175725000755|01012018|
1711250026453011|42591651070940|01012018|
1711240026449011|76430438006960|01012018|
1711210026454011|76430438007001|01012018|
1711220026456011|42591651156313|01012018|
1711280026457011|10289232000165|01012018|
1711240026458011|42591651091190|01012018|
1711220026459011|42591651029710|01012018|
1711280026455011|07175725000917|01012018|
1711280026460011|07175725001131|01012018|
1711270025943031|45827425001421|01012018|
1711160026462011|58768284000140|01012018|
1711240026463011|42591651091270|01012018|
1711280026461011|07175725001212|01012018|
1711250026464011|42591651071911|01012018|
1711240026465011|42591651055479|01012018|
1711240026466011|42591651052291|01012018|
1711240026467011|42591651091602|01012018|
1711240025930021|45827425001774|01012018|
1711230026469011|42591651086358|01012018|
1711270025910021|45827425002231|01012018|
1711280026468011|07175725001484|01012018|
1711220026470011|42591651160264|01012018|
1711160026471011|11281004000101|01012018|
1711220026473011|42591651044353|01012018|
1711240026474011|42591651093303|01012018|
1711240026476011|42591651134506|01012018|
1711250026477011|42591651022546|01012018|
1711280026478011|05378317000180|01012018|
1711240026479011|42591651093486|01012018|
1711220026481011|42591651061100|01012018|
1711250026482011|42591651116443|01012018|
1711160026483011|09436686000132|01012018|
1711280026480011|07175725001727|01012018|
1711220026485011|42591651032347|01012018|
1711240026486011|42591651093729|01012018|
1711250026487011|42591651116796|01012018|
1711270025911021|45827425002150|01012018|
1711270025936021|45827425001855|01012018|
1711280026491011|02105040000123|01012018|
1711250026492011|42591651117253|01012018|
1711240026493011|42591651093800|01012018|
1711280026489011|07175725003002|01012018|
1711240026494011|42591651145893|01012018|
1711240026495011|42591651042733|01012018|
1711160026496011|16492391000149|01012018|
1711240026497011|42591651094377|01012018|
1711250026498011|42591651117849|01012018|
1711250026499011|42591651084223|01012018|
1711270025912031|45827425002070|01012018|
1711240026501011|42591651141987|01012018|
1711250026502011|42591651094709|01012018|
1711250026503011|42591651119116|01012018|
1711090026504011|96206313000684|01012018|
1711220026505011|42591651164928|01012018|
1711280026506011|04988669000194|01012018|
1711240026507011|42591651094962|01012018|
1711220026508011|42591651157980|01012018|
1711250026510011|42591651119469|01012018|
1711250026511011|42591651074694|01012018|
1711250026512011|42591651096744|01012018|
1711090026513011|96206313000765|01012018|
1711230026514011|42591651154884|01012018|
1711250026515011|42591651119973|01012018|
1711220026516011|42591651107371|01012018|
1711220026517011|42591651098100|01012018|
1711250026518011|42591651121528|01012018|
1711090026519011|04222428000130|01012018|
1711250026520011|42591651124381|01012018|
1711220026522011|42591651061282|01012018|
1711250026523011|42591651121609|01012018|
1711220026524011|42591651159096|01012018|
1711220026525011|42591651051058|01012018|
1711250026526011|42591651122095|01012018|
1711250026527011|42591651073701|01012018|
1711220026528011|42591651167510|01012018|
1711280026529011|02279324000136|01012018|
1711250026530011|42591651133534|01012018|
1711230026531011|42591651028820|01012018|
1711250026532011|42591651122923|01012018|
1711240026533011|42591651153217|01012018|
1711240026534011|42591651054740|01012018|
1711250026536011|42591651091513|01012018|
1711170026537011|02045487000154|01012018|
1711240026535021|42591651129189|01012018|
1711250026539011|42591651123067|01012018|
1711230026541011|02045487000901|01012018|
1711240026542011|42591651032428|01012018|
1711240026543011|42591651046305|01012018|
1711280026540011|04737552000642|01012018|
1711250026544011|42591651123652|01012018|
1711280026545011|84694405000167|01012018|
1711220026546011|42591651072136|01012018|
1711240026547011|42591651051309|01012018|
1711250026548011|42591651124110|01012018|
1711240026549011|42591651144307|01012018|
1711220026550011|42591651158952|01012018|
1711250026551011|42591651124624|01012018|
1711220026552011|42591651032690|01012018|
1711280026553011|33958695000682|01012018|
1711220026555011|42591651158871|01012018|
1711280026556011|08466448000107|01012018|
1711250026557011|42591651125272|01012018|
1711270026558011|13772125000343|01012018|
1711110026559011|71208516000174|01012018|
1711270026560011|59105825000113|01012018|
1711280026562011|00145602000137|01012018|
1711140026563011|71208516011966|01012018|
1711140026561021|71208516011109|01012018|
1711280026564011|11907140000164|01012018|
1711140026565011|61079117010402|01012018|
1711140026566011|05835916002129|01012018|
1711280026567011|61079117014580|01012018|
1711280026568011|60777901000116|01012018|
1711140026569011|61079117016443|01012018|
1711080026570011|61079117010917|01012018|
1711220026571011|02384370000103|01012018|
1711280026572011|61079117025604|01012018|
1711280026573011|84683481005721|01012018|
1711270026574011|61079117000440|01012018|
1711220026575011|02707116000190|01012018|
1711280026576011|84683481009719|01012018|
1711280026577011|84683481010725|01012018|
1711220026578011|02707116000271|01012018|
1711280026579011|84683481011535|01012018|
1711280026580011|84683481011616|01012018|
1711280026581011|07170938001685|01012018|
1711280026582011|07170938001766|01012018|
1711280026583011|07170938001847|01012018|
1711280026584011|07170938001928|01012018|
1711280026585011|07170938014078|01012018|
1711130026586011|08162032000871|01012018|
1711130026587011|08162032001096|01012018|
1711130026588011|21246699000144|01012018|
1711140026589011|21246699000225|01012018|
1711130026590011|21246699003402|01012018|
1711130026591011|21246699003593|01012018|
1711140024061041|00220057000104|01012018|
1711130026592011|05510654000421|01012018|
1711280026594011|29655537000171|01012018|
1711280026595011|89674782001200|01012018|
1711280026596011|33197161000176|01012018|
1711280026597011|39278221000161|01012018|
1711130026593021|00519577000104|01012018|
1711280026598011|28726669000184|01012018|
1711280026599011|33554114000132|01012018|
1711280026600011|30774038000182|01012018|
1711280026601011|10880989000129|01012018|
1711280026602011|29850260000219|01012018|
1711270026603011|89674782000158|01012018|
1711270026604011|42416651002312|01012018|
1711290026605021|42416651001421|01012018|
1711290026606011|28509164000168|01012018|
1711290026607011|05808792001030|01012018|
1711290026609011|03239470002225|01012018|
1711060026611011|01166372000155|01012018|
1711290026614011|05810004000159|01012018|
1711290026615011|61099834001677|01012018|
1711290026616011|61099834002720|01012018|
1711200026617011|60746948000970|01012018|
1711290026618011|61099834003700|01012018|
1711200026620011|60746948002085|01012018|
1711290026621011|07380119000267|01012018|
1711290026622011|61099834007950|01012018|
1711200026623011|60746948002751|01012018|
1711200026624011|60746948003561|01012018|
1711290026626011|61099834008337|01012018|
1711200026627011|60746948004967|01012018|
1711270026628011|60851615000153|01012018|
1711210026630011|60746948007125|01012018|
1711290026631011|61099834009066|01012018|
1711290026629011|54929021000115|01012018|
1711200026632011|60746948007397|01012018|
1711230026634011|50844182000236|01012018|
1711200026635011|60746948008440|01012018|
1711280026636011|33000167113143|01012018|
1711200026638011|60746948008792|01012018|
1711290026639011|61099834011630|01012018|
1711070026637021|78876950000171|01012018|
1711270025877021|33042730001771|01012018|
1711290026641011|00360305016450|01012018|
1711200026642011|60746948010002|01012018|
1711290026643011|61099834011982|01012018|
1711170026640011|04341874000163|01012018|
1711240026644011|00146889000624|01012018|
1711290026645011|11413930000193|01012018|
1711200026646011|60746948010185|01012018|
1711290026647011|61099834018138|01012018|
1711200026648011|60746948010266|01012018|
1711130026649011|78876950000252|01012018|
1711290026650011|00360305062053|01012018|
1711290026651011|03777341001804|01012018|
1711200026652011|60746948010428|01012018|
1711200026653011|60746948011076|01012018|
1711290026654011|61099834018995|01012018|
1711290026656011|61099834023808|01012018|
1711160026657011|78876950001224|01012018|
1711280026658011|02333707000145|01012018|
1711290026659011|20938292000115|01012018|
1711160026660011|78876950003430|01012018|
1711290026661011|00360305525843|01012018|
1711290026662011|81315426000136|01012018|
1711290026664011|61099834029768|01012018|
1711250026666011|09296295002537|01012018|
1711290026667011|03777341001995|01012018|
1711220026668011|42591651020683|01012018|
1711290026669011|61099834033366|01012018|
1711250026670011|09296295002618|01012018|
1711280026671011|02333707003322|01012018|
1711290026672011|00360305506032|01012018|
1711250026675011|09296295002707|01012018|
1711290026674011|03777341003343|01012018|
1711220026676011|42591651085203|01012018|
1711280026677011|02333707003675|01012018|
1711250026678011|09296295002880|01012018|
1711090026680011|75315333005500|01012018|
1711290026681011|61099834033870|01012018|
1711290026679011|03777341003696|01012018|
1711280026683011|02333707004051|01012018|
1711250026684011|09296295002960|01012018|
1711160026686011|59104513000195|01012018|
1711210026687011|42591651172513|01012018|
1711290026682021|84683481014550|01012018|
1711280026688011|45211877000160|01012018|
1711290026689011|05342105000142|01012018|
1711280026690011|84496066000708|01012018|
1711200026691011|60746948011157|01012018|
1711280026692011|02333707004485|01012018|
1711280026693011|00429911000139|01012018|
1711290026665021|47063128000168|01012018|
1711240026696011|42591651032509|01012018|
1711290026697011|54625819003784|01012018|
1711250026698011|09296295003002|01012018|
1711200026699011|60746948011408|01012018|
1711290026700011|61099834038406|01012018|
1711280026701011|02333707005295|01012018|
1711240026702011|42591651092595|01012018|
1711200026703011|60746948011904|01012018|
1711250026704011|09296295003266|01012018|
1711280026705011|02333707004990|01012018|
1711200026706011|60746948012552|01012018|
1711280026707011|02333707004728|01012018|
1711250026709011|09296295003347|01012018|
1711290026710011|61099834044481|01012018|
1711200026711011|60746948012986|01012018|
1711240026712011|42591651036091|01012018|
1711290026708011|03777341006873|01012018|
1711290026713011|84683481019943|01012018|
1711230026715011|42591651090541|01012018|
1711250026716011|09296295003428|01012018|
1711290026714011|97837181001895|01012018|
1711210026717011|60746948013010|01012018|
1711160026718011|43776491000170|01012018|
1711170026719011|61198164000160|01012018|
1711290026720011|61099834050708|01012018|
1711250026721011|09296295003509|01012018|
1711290026723011|00360305138211|01012018|
1711160026724011|43776491000684|01012018|
1711240026726011|42591651036172|01012018|
1711100026725011|51466860002957|01012018|
1711250026727011|09296295003690|01012018|
1711200026729011|60746948016620|01012018|
1711160026730011|43776491000765|01012018|
1711290026731011|16627705000173|01012018|
1711230026732011|42591651155937|01012018|
1711200026733011|60746948019484|01012018|
1711290026734011|61099834065306|01012018|
1711250026735011|09296295003770|01012018|
1711140026736011|61438248002509|01012018|
1711160026737011|43776491004248|01012018|
1711160026738011|61198164000240|01012018|
1711280026315021|57559387000138|01012018|
1711200026739011|60746948019646|01012018|
1711290026741011|00360305426780|01012018|
1711160026742011|43776491004833|01012018|
1711200026743011|60746948021896|01012018|
1711240026744011|42591651036334|01012018|
1711160026745011|43776491007344|01012018|
1711250026746011|09296295003851|01012018|
1711170026747011|61198164000321|01012018|
1711290026748011|56139041000118|01012018|
1711290026749011|61099834018723|01012018|
1711240026750011|42591651155694|01012018|
1711080026751011|61438248000123|01012018|
1711090026752011|11173911000137|01012018|
1711240026753011|42591651038620|01012018|
1711250026755011|09296295003932|01012018|
1711160026756011|61198164000402|01012018|
1711250026757011|60746948022434|01012018|
1711230026759011|42591651155422|01012018|
1711250026760011|09296295004076|01012018|
1711290026758011|97837181002190|01012018|
1711170026761011|61198164000593|01012018|
1711240026762011|42591651039511|01012018|
1711290026763011|61099834023131|01012018|
1711290026764011|84683481020798|01012018|
1711210026765011|60746948023082|01012018|
1711290026766011|08979535000168|01012018|
1711250026767011|09296295004157|01012018|
1711170026768011|61198164000674|01012018|
1711240026769011|42591651155180|01012018|
1711200026770011|60746948023325|01012018|
1711250026771011|09296295004408|01012018|
1711170026772011|61198164000755|01012018|
1711250026773011|42591651040013|01012018|
1711250026774011|09296295004580|01012018|
1711200026775011|60746948024488|01012018|
1711090026776011|01615814000101|01012018|
1711240026777011|42591651041338|01012018|
1711200026778011|60746948024569|01012018|
1711250026779011|09296295004661|01012018|
1711280026780011|01410577000134|01012018|
1711240026781011|42591651154965|01012018|
1711290026782011|56139041000380|01012018|
1711250026783011|09296295004904|01012018|
1711290026784011|11197308000357|01012018|
1711170026785011|61198164000836|01012018|
1711090026786011|01615814002813|01012018|
1711240026787011|42591651154450|01012018|
1711290026788011|84683481020879|01012018|
1711200026789011|60746948025107|01012018|
1711250026791011|09296295005129|01012018|
1711250026792011|42591651041923|01012018|
1711170026793011|61198164000917|01012018|
1711200026794011|60746948026421|01012018|
1711250026795011|09296295005200|01012018|
1711280026796011|46127262000112|01012018|
1711240026798011|42591651153136|01012018|
1711170026799011|61198164001050|01012018|
1711290026800011|84683481021255|01012018|
1711200026802011|60746948027908|01012018|
1711290026804011|01410577000568|01012018|
1711160026805011|61198164001131|01012018|
1711200026806011|60746948028122|01012018|
1711270026803011|61270369000109|01012018|
1711250026807011|09296295005390|01012018|
1711290026808011|00360305152982|01012018|
1711220026488021|42591651044787|01012018|
1711250026810011|09296295005471|01012018|
1711230026811011|60840055000131|01012018|
1711270026812011|01615814006487|01012018|
1711290026813011|13179251000127|01012018|
1711200026814011|60746948028637|01012018|
1711240026815011|42591651152679|01012018|
1711250026817011|42591651043381|01012018|
1711290026818011|84683481031056|01012018|
1711250026819011|09296295005552|01012018|
1711290026820011|00360305153016|01012018|
1711210026821011|60746948028807|01012018|
1711290026816011|97837181002948|01012018|
1711290026822011|56139041000541|01012018|
1711220026823011|84430149000109|01012018|
1711250026824011|09296295005633|01012018|
1711240026825011|42591651152598|01012018|
1711130026826011|78876950000503|01012018|
1711290026827011|12463689000170|01012018|
1711290026830011|84683481031218|01012018|
1711250026831011|09296295005803|01012018|
1711240026832011|42591651043462|01012018|
1711290026801021|97837181002433|01012018|
1711200026833011|60746948029013|01012018|
1711230026361021|42591651053263|01012018|
1711280026835011|60723061004287|01012018|
1711250026836011|09296295005986|01012018|
1711210026837011|60746948029102|01012018|
1711230026838011|60840055000484|01012018|
1711250026840011|09296295006010|01012018|
1711240026841011|42591651043705|01012018|
1711210026842011|60746948029285|01012018|
1711250026843011|09296295006109|01012018|
1711230026434021|42591651036253|01012018|
1711290026844011|48785828007131|01012018|
1711210026845011|60746948029366|01012018|
1711240026846011|42591651152407|01012018|
1711210026847011|60746948029528|01012018|
1711250026848011|09296295006281|01012018|
1711290026849011|47427653000387|01012018|
1711210026850011|60746948029870|01012018|
1711240026538021|42591651042571|01012018|
1711290026851011|47427653000549|01012018|
1711290026852011|48785828006836|01012018|
1711280026853011|33876145002587|01012018|
1711290026854011|47427653001782|01012018|
1711240026855011|76549856000182|01012018|
1711290026856011|47427653003564|01012018|
1711240026857011|42591651152083|01012018|
1711240026858011|42591651043896|01012018|
1711250026859011|09296295006443|01012018|
1711240026860011|84891233000111|01012018|
1711200026861011|60746948030100|01012018|
1711290026862011|47427653003998|01012018|
1711200026863011|33876145001858|01012018|
1711290026864011|47427653005699|01012018|
1711290026865011|00360305164131|01012018|
1711290026866011|84683481031803|01012018|
1711170026867011|61198164001301|01012018|
1711290026869011|04764392000116|01012018|
1711290026868011|47427653007551|01012018|
1711210026870011|42591651000658|01012018|
1711250026871011|09296295006524|01012018|
1711290026873011|60840055001022|01012018|
1711220026872011|08162032003200|01012018|
1711200026875011|60746948030968|01012018|
1711290026874011|47427653009171|01012018|
1711290026876011|47427653009252|01012018|
1711240026877011|42591651151354|01012018|
1711290026878011|05325515000347|01012018|
1711290026879011|47427653009333|01012018|
1711170026880011|61198164001484|01012018|
1711290026881011|47427653011079|01012018|
1711210026882011|60746948031859|01012018|
1711250026883011|09296295006796|01012018|
1711240026884011|42591651151001|01012018|
1711250026885011|42591651044000|01012018|
1711280026886011|61068276003111|01012018|
1711240026887011|42591651151273|01012018|
1711250026888011|09296295006958|01012018|
1711290026889011|00360305218754|01012018|
1711290026890011|84683481035396|01012018|
1711220026891011|42591651051724|01012018|
1711290026892011|07751593000924|01012018|
1711250026893011|09296295007091|01012018|
1711280026894011|33876145004105|01012018|
1711210026895011|60746948032154|01012018|
1711280026321021|33000167010840|01012018|
1711200026896011|33876145004288|01012018|
1711240026897011|42591651018271|01012018|
1711240026899011|42591651045082|01012018|
1711250026898011|09296295007172|01012018|
1711290026900011|61186888000193|01012018|
1711290026901011|00360305241900|01012018|
1711280026902011|61068276003200|01012018|
1711200026903011|60746948032405|01012018|
1711290026905011|84683481035809|01012018|
1711290026906011|42591651057927|01012018|
1711170026907011|61198164001565|01012018|
1711160026908011|42591651151192|01012018|
1711290026909011|03858100000141|01012018|
1711210026910011|60746948033045|01012018|
1711250026911011|09296295007253|01012018|
1711220026912011|42591651136479|01012018|
1711210026913011|60746948033207|01012018|
1711290026914011|60840055001375|01012018|
1711170026915011|61198164001646|01012018|
1711220026625021|08162032003110|01012018|
1711250026917011|09296295007334|01012018|
1711200026918011|60746948033398|01012018|
1711280026919011|33000167014323|01012018|
1711290026920011|04331164000152|01012018|
1711170026921011|61198164001727|01012018|
1711250026923011|09296295007415|01012018|
1711290026924011|61186888000355|01012018|
1711290026925011|00360305251964|01012018|
1711280026927011|61068276013427|01012018|
1711250026929011|42591651058575|01012018|
1711280026926011|60723061004368|01012018|
1711240026930011|42591651045163|01012018|
1711250026931011|60746948034521|01012018|
1711170026932011|61198164001999|01012018|
1711280026933011|33000167015486|01012018|
1711250026934011|09296295007504|01012018|
1711200026935011|60746948034793|01012018|
1711290026797021|00360305374969|01012018|
1711240026936011|42591651019162|01012018|
1711290026937011|60840055002347|01012018|
1711250026939011|09296295007687|01012018|
1711170026940011|61198164002022|01012018|
1711210026941011|60746948576847|01012018|
1711290026943011|07751593000410|01012018|
1711290026938011|56794084000137|01012018|
1711210026944011|60746948036060|01012018|
1711290026945011|05951356000124|01012018|
1711280026946011|33000167019635|01012018|
1711290026947011|61186888001670|01012018|
1711250026948011|60746948036737|01012018|
1711170026949011|61198164002103|01012018|
1711250026950011|60746948576928|01012018|
1711220026953011|60746948036818|01012018|
1711250026956011|09296295007768|01012018|
1711250026955011|42591651059202|01012018|
1711240026958011|42591651144498|01012018|
1711240026959011|42591651150544|01012018|
1711290026951011|56794084000803|01012018|
1711210026960011|60746948036907|01012018|
1711250026964011|09296295007920|01012018|
1711290026965011|33000167024558|01012018|
1711290026966011|61186888001912|01012018|
1711290026961011|93015006000113|01012018|
1711290026962011|61693461000181|01012018|
1711290026968011|60840055003238|01012018|
1711250026969011|60746948577061|01012018|
1711250026970011|42591651125515|01012018|
1711240026971011|42591651045244|01012018|
1711250026973011|42591651067485|01012018|
1711240026974011|42591651150200|01012018|
1711250026976011|09296295008063|01012018|
1711070026977011|01949444000130|01012018|
1711290026980011|61186888002056|01012018|
1711290026981011|54117122000191|01012018|
1711280026982011|04737552000723|01012018|
1711200026985011|60746948039914|01012018|
1711250026986011|60746948577576|01012018|
1711290026987011|00360305306530|01012018|
1711250026988011|09296295008144|01012018|
1711250026989011|42591651140310|01012018|
1711290026990011|61186888002137|01012018|
1711290026991011|83740456000115|01012018|
1711200026994011|60746948040173|01012018|
1711170026995011|61198164002294|01012018|
1711240026997011|42591651046135|01012018|
1711290026998011|84874726000305|01012018|
1711250026999011|09296295008225|01012018|
1711290027000011|00360305314800|01012018|
1711290027001011|33000167081942|01012018|
1711210027002011|60746948040254|01012018|
1711250027003011|60746948577908|01012018|
1711290026996011|93015006000970|01012018|
1711290027004011|05325515000185|01012018|
1711290027005011|04737552001452|01012018|
1711250027006011|42591651125604|01012018|
1711250027008011|09296295008306|01012018|
1711240026967021|00141217000111|01012018|
1711170027009011|61198164002375|01012018|
1711250027010011|42591651059890|01012018|
1711220027013011|42591651007822|01012018|
1711210027012011|60746948040416|01012018|
1711290027014011|61186888002307|01012018|
1711290027007011|93015006001438|01012018|
1711200027017011|60746948040688|01012018|
1711290027018011|00360305337680|01012018|
1711250027020011|60746948578114|01012018|
1711280027015011|60723061008860|01012018|
1711290027022011|97837181004134|01012018|
1711250027023011|42591651125868|01012018|
1711280027024011|33000167103776|01012018|
1711290027025011|61186888002560|01012018|
1711170027026011|61198164002618|01012018|
1711010027019011|93015006002167|01012018|
1711200027027011|60746948041730|01012018|
1711290027029011|84874726000658|01012018|
1711220027030011|83740456000387|01012018|
1711250027031011|42591651060049|01012018|
1711200027032011|60746948042702|01012018|
1711290027028011|93015006003058|01012018|
1711170027034011|42591651126082|01012018|
1711290027035011|00360305339896|01012018|
1711230027036011|42591651133887|01012018|
1711210027037011|60746948578548|01012018|
1711240027039011|60840055006687|01012018|
1711290027033011|97837181001119|01012018|
1711200027040011|60746948043270|01012018|
1711240027041011|42591651149376|01012018|
1711290027042011|84874726002006|01012018|
1711290027038011|93015006003481|01012018|
1711250027043011|42591651126163|01012018|
1711200027044011|60746948043601|01012018|
1711250027045011|42591651060120|01012018|
1711290027046011|83740456000620|01012018|
1711250027047011|42591651046640|01012018|
1711290027048011|61186888003532|01012018|
1711290027049011|61274809000104|01012018|
1711290027050011|01768763000140|01012018|
1711240027051011|42591651022627|01012018|
1711290027052011|33000167111108|01012018|
1711290026728021|97837181001976|01012018|
1711240027053011|60746948044594|01012018|
1711290027055011|45242914000105|01012018|
1711290027056011|50486026000160|01012018|
1711250027057011|42591651126597|01012018|
1711290027058011|83740456000700|01012018|
1711240027059011|42591651148647|01012018|
1711250027062011|60746948578971|01012018|
1711250027054011|42591651083502|01012018|
1711200027063011|60746948045051|01012018|
1711290027060011|93015006003562|01012018|
1711250027065011|42591651127054|01012018|
1711290026740021|97837181002000|01012018|
1711250027066011|42591651060472|01012018|
1711280027064011|60723061009750|01012018|
1711290027067011|60840055008620|01012018|
1711220027068011|42591651031537|01012018|
1711240027070011|60746948045132|01012018|
1711240027071011|61573796000166|01012018|
1711240027072011|42591651148566|01012018|
1711290027069011|93015006004020|01012018|
1711200027073011|60746948046104|01012018|
1711290026954021|97837181003910|01012018|
1711290027074011|93015006004100|01012018|
1711220027075011|42591651009876|01012018|
1711250027076011|60746948581689|01012018|
1711290027077011|61186888005748|01012018|
1711250027078011|42591651060634|01012018|
1711290027079011|61573796002100|01012018|
1711290026790021|97837181002271|01012018|
1711240027081011|42591651147403|01012018|
1711250027082011|42591651127135|01012018|
1711290027083011|00280731001533|01012018|
1711290027080011|93015006004968|01012018|
1711250027084011|42591651127569|01012018|
1711210027085011|60746948047267|01012018|
1711250027086011|60746948582812|01012018|
1711240027087011|42591651047883|01012018|
1711290027088011|61186888006558|01012018|
1711270027089011|13967732000369|01012018|
1711250027090011|42591651060715|01012018|
1711240027091011|60746948047852|01012018|
1711240027092011|42591651147160|01012018|
1711240027093011|42591651127992|01012018|
1711290027094011|14657393000115|01012018|
1711290027095011|07219634000189|01012018|
1711290027096011|00280731005520|01012018|
1711250027097011|60746948584270|01012018|
1711290027099011|54625819003008|01012018|
1711200027100011|60746948047933|01012018|
1711290027101011|45242914000792|01012018|
1711240027102011|60746948047003|01012018|
1711240027103011|42591651128379|01012018|
1711290027104011|83740456000891|01012018|
1711240027107011|60746948048743|01012018|
1711240027108011|42591651062688|01012018|
1711290027105011|28509164000249|01012018|
1711250027111011|60746948585595|01012018|
1711240027112011|42591651146601|01012018|
1711200027113011|60746948050055|01012018|
1711290027114011|00280731006098|01012018|
1711290027115011|61186888008682|01012018|
1711170027116011|61198164002707|01012018|
1711140027117011|02012862000240|01012018|
1711240027118011|42591651047964|01012018|
1711250027119011|60746948602864|01012018|
1711200027120011|60746948050136|01012018|
1711240027122011|42591651146431|01012018|
1711250027110021|42591651128450|01012018|
1711240027124011|42591651064974|01012018|
1711210027126011|60746948050217|01012018|
1711250027127011|60746948604301|01012018|
1711290027128011|45242914001098|01012018|
1711080027129011|02012862000755|01012018|
1711210027125011|52241635002128|01012018|
1711290027131011|61186888009816|01012018|
1711200027132011|60746948050489|01012018|
1711240027133011|60840055009600|01012018|
1711290027134011|13578349000157|01012018|
1711170027130011|61198164002960|01012018|
1711240027135011|42591651065008|01012018|
1711240027136011|42591651128530|01012018|
1711220026384031|42591651070869|01012018|
1711200027137011|60746948050640|01012018|
1711250027139011|60746948615680|01012018|
1711290027140011|00360305366516|01012018|
1711170027138011|61198164003002|01012018|
1711240027142011|42591651129006|01012018|
1711240027143011|00280731001290|01012018|
1711240027144011|42591651048260|01012018|
1711240027145011|42591651146350|01012018|
1711290027147011|61186888010075|01012018|
1711290026834021|48785828007646|01012018|
1711290027150011|88610324002055|01012018|
1711250027151011|09296295008497|01012018|
1711250027152011|42591651066080|01012018|
1711290027061031|00360305365200|01012018|
1711290027153011|60840055010285|01012018|
1711170027148011|61198164003185|01012018|
1711250027154011|60746948638621|01012018|
1711240027155011|42591651129340|01012018|
1711290027158011|61186888010156|01012018|
1711290027157011|28662500000108|01012018|
1711290027159011|51254159000173|01012018|
1711250027161011|09296295008578|01012018|
1711240027162011|42591651129421|01012018|
1711250027163011|42591651066160|01012018|
1711170027160011|61198164003347|01012018|
1711250027165011|60746948642815|01012018|
1711250027166011|09296295008659|01012018|
1711250027168011|42591651048340|01012018|
1711080027169011|02012862001646|01012018|
1711250027170011|05620523000235|01012018|
1711280027171011|00360305014326|01012018|
1711290027173011|45242914001411|01012018|
1711250027174011|42591651129502|01012018|
1711290027175011|07751593000258|01012018|
1711240027176011|60840055001707|01012018|
1711290027167011|62032180000140|01012018|
1711250027181011|09296295008730|01012018|
1711170027172011|61198164003428|01012018|
1711290027182011|61274809000368|01012018|
1711030027177011|52059268000364|01012018|
1711280027178011|60723061013944|01012018|
1711290027179011|28662500000299|01012018|
1711250027183011|42591651129693|01012018|
1711240027184011|42591651145702|01012018|
1711170027185011|61198164003690|01012018|
1711250027186011|60746948643544|01012018|
1711290027187011|01209357000147|01012018|
1711250027188011|09296295008900|01012018|
1711290027190011|61186888010407|01012018|
1711240027191011|42591651129936|01012018|
1711250027193011|42591651066241|01012018|
1711290027189011|62032180000574|01012018|
1711240027195011|60746948050802|01012018|
1711280027196011|06081065000195|01012018|
1711240027197011|60746948656875|01012018|
1711240027198011|42591651130004|01012018|
1711250027199011|09296295009035|01012018|
1711170027194011|61198164003770|01012018|
1711220027200011|42591651065784|01012018|
1711240027201011|42591651145389|01012018|
1711240027202011|42591651048421|01012018|
1711080027203011|02012862002294|01012018|
1711240027206011|42591651130195|01012018|
1711250027207011|09296295009116|01012018|
1711250027208011|60746948659114|01012018|
1711290027209011|45242914001683|01012018|
1711250027210011|42591651067051|01012018|
1711240027211011|60840055001618|01012018|
1711240027212011|60746948050993|01012018|
1711170027204011|61198164003851|01012018|
1711250027216011|09296295009205|01012018|
1711240027218011|42591651144900|01012018|
1711200027219011|60746948051108|01012018|
1711250027220011|60746948661364|01012018|
1711240027214011|60746948575875|01012018|
1711240027222011|42591651130438|01012018|
1711280027215011|05862270000125|01012018|
1711170027217011|61198164003932|01012018|
1711210027223011|60746948051370|01012018|
1711250027224011|09296295009388|01012018|
1711250027227011|42591651130519|01012018|
1711220027229011|42591651113428|01012018|
1711240027230011|60746948662506|01012018|
1711290027226011|08409251000136|01012018|
1711170027228011|61198164004076|01012018|
1711060027232011|12790622000140|01012018|
1711250027233011|09296295009469|01012018|
1711240027234011|42591651130861|01012018|
1711290027237011|61186888010741|01012018|
1711240027235011|60746948575603|01012018|
1711240027241011|42591651131248|01012018|
1711250027242011|42591651144579|01012018|
1711220027243011|42591651096078|01012018|
1711240027244011|60746948666404|01012018|
1711250027240021|42591651049665|01012018|
1711170027239011|61198164004238|01012018|
1711250027249011|09296295009620|01012018|
1711250027250011|42591651131329|01012018|
1711290027253011|61186888011128|01012018|
1711220027254011|42591651010459|01012018|
1711250027255011|42591651144064|01012018|
1711170027251011|61198164004319|01012018|
1711290027256011|07751593001149|01012018|
1711250027257011|42591651067132|01012018|
1711240027258011|60840055002428|01012018|
1711090027259011|02012862003690|01012018|
1711240027260011|42591651049908|01012018|
1711200027261011|60746948051531|01012018|
1711220027263011|42591651065865|01012018|
1711250027265011|42591651143769|01012018|
1711210027266011|60746948668105|01012018|
1711240027264011|60746948574712|01012018|
1711250025867021|09296295009540|01012018|
1711240027267011|60840055004986|01012018|
1711240027268011|42591651131671|01012018|
1711270027270011|48295562001108|01012018|
1711240027271011|60746948669004|01012018|
1711240027272011|42591651131833|01012018|
1711240027273011|42591651050248|01012018|
1711210027275011|60746948052180|01012018|
1711220027274011|42591651036687|01012018|
1711250027276011|42591651068104|01012018|
1711240027277011|60840055007900|01012018|
1711160027247021|04031026000310|01012018|
1711290027278011|61186888011470|01012018|
1711250027279011|42591651131914|01012018|
1711290027281011|97837181001542|01012018|
1711250027282011|60746948672307|01012018|
1711290027283011|45242914001845|01012018|
1711250027284011|09296295010394|01012018|
1711250027280011|60746948571454|01012018|
1711240027286011|42591651132481|01012018|
1711240027287011|60746948052422|01012018|
1711290027288011|61186888011985|01012018|
1711250027289011|42591651143254|01012018|
1711250027291011|42591651068376|01012018|
1711030027285011|48295562001450|01012018|
1711240027292011|60840055008469|01012018|
1711170027293011|61198164004823|01012018|
1711240027294011|42591651132996|01012018|
1711250027295011|09296295010475|01012018|
1711030027296011|48295562001884|01012018|
1711210027297011|60746948052694|01012018|
1711290027299011|61186888012019|01012018|
1711250027301011|60746948673290|01012018|
1711290027303011|61186888012108|01012018|
1711290027304011|14310577000104|01012018|
1711250027305011|42591651050400|01012018|
1711250027307011|09296295010556|01012018|
1711280027300011|60723061018318|01012018|
1711120027308011|61409892000335|01012018|
1711240027311011|42591651133372|01012018|
1711240027312011|42591651142878|01012018|
1711210027313011|60746948052856|01012018|
1711250027306011|60746948570997|01012018|
1711290027314011|91802041051495|01012018|
1711250027317011|09296295010637|01012018|
1711170027310011|61198164005129|01012018|
1711240027318011|60840055009511|01012018|
1711250027319011|42591651068880|01012018|
1711030027315011|48295562001965|01012018|
1711290027316011|01376473000150|01012018|
1711290027321011|61186888012523|01012018|
1711240027322011|42591651133615|01012018|
1711270027323011|01125266000123|01012018|
1711230027324011|91681973000199|01012018|
1711250027327011|60746948673451|01012018|
1711240027328011|42591651142797|01012018|
1711210027329011|60746948053070|01012018|
1711250027330011|09296295010718|01012018|
1711290027331011|45242914002302|01012018|
1711290027332011|91802041050170|01012018|
1711170027325011|61198164005471|01012018|
1711240027326011|60746948570644|01012018|
1711240027333011|60840055009864|01012018|
1711250027335011|42591651134697|01012018|
1711140027336011|18294051000309|01012018|
1711210027337011|60746948053151|01012018|
1711250027338011|60746948374624|01012018|
1711250027340011|09296295010980|01012018|
1711250027342011|42591651069003|01012018|
1711240027343011|42591651135073|01012018|
1711170027339011|61198164005714|01012018|
1711240027344011|42591651142282|01012018|
1711090027225021|17359233000188|01012018|
1711240027345011|84496066000104|01012018|
1711240027348011|60840055010447|01012018|
1711240027350011|42591651135154|01012018|
1711250027351011|09296295011102|01012018|
1711290027352011|61186888012876|01012018|
1711250027353011|60746948675314|01012018|
1711210027354011|60746948053232|01012018|
1711290027355011|91802041046815|01012018|
1711240027346011|60746948570563|01012018|
1711250026484021|42591651042814|01012018|
1711240027356011|60746948374543|01012018|
1711170027347011|61198164005803|01012018|
1711250027358011|42591651069267|01012018|
1711240027359011|42591651142010|01012018|
1711240027360011|60746948053747|01012018|
1711250027361011|09296295011285|01012018|
1711240027362011|60840055010790|01012018|
1711240027364011|42591651136126|01012018|
1711090027365011|02012862008497|01012018|
1711290027367011|61186888013090|01012018|
1711290027366011|91802041032865|01012018|
1711280027369011|04222931000195|01012018|
1711280027363011|60723061020134|01012018|
1711090027370011|02012862011790|01012018|
1711250027371011|60746948675829|01012018|
1711250027372011|09296295011366|01012018|
1711250027373011|42591651136550|01012018|
1711170027368011|61198164006958|01012018|
1711210027374011|60746948054204|01012018|
1711290027375011|83050781000156|01012018|
1711240027376011|60746948374462|01012018|
1711240027377011|60840055012733|01012018|
1711240027379011|42591651137521|01012018|
1711250027380011|42591651069348|01012018|
1711250027381011|09296295011447|01012018|
1711250026427021|42591651121790|01012018|
1711290027378011|33542531000165|01012018|
1711290027385011|45242914002655|01012018|
1711280027387011|13324184001916|01012018|
1711290027386011|61186888013252|01012018|
1711250027388011|60746948675900|01012018|
1711240027383011|60746948570059|01012018|
1711240027389011|42591651138099|01012018|
1711170027384011|61198164007091|01012018|
1711240027390011|60746948054395|01012018|
1711250027391011|09296295011790|01012018|
1711130027392011|76630573000160|01012018|
1711180027393011|13324184000197|01012018|
1711240027394011|60746948373300|01012018|
1711250027396011|42591651069771|01012018|
1711240027397011|42591651138501|01012018|
1711240026500021|42591651137602|01012018|
1711250027398011|09296295011951|01012018|
1711170027395011|61198164007768|01012018|
1711280027399011|13324184001240|01012018|
1711290027400011|06087198000179|01012018|
1711240027401011|42591651138846|01012018|
1711210027402011|60746948678763|01012018|
1711250027404011|09296295012095|01012018|
1711240027405011|60746948372923|01012018|
1711010027406011|42035097000118|01012018|
1711250027407011|42591651141634|01012018|
1711170027403011|61198164007920|01012018|
1711290027408011|09477652000862|01012018|
1711250026509021|42591651061959|01012018|
1711250027410011|09296295012257|01012018|
1711250027412011|42591651069852|01012018|
1711290027409011|56794084000641|01012018|
1711240027413011|60746948055014|01012018|
1711160027414011|55566871000169|01012018|
1711170027411011|61198164008306|01012018|
1711250027416011|09296295012338|01012018|
1711290027417011|61186888014224|01012018|
1711250027418011|42591651141472|01012018|
1711250027420011|42591651070435|01012018|
1711290027421011|86365350000177|01012018|
1711250026521021|42591651062092|01012018|
1711240027419011|60746948567694|01012018|
1711290027423011|56727134001216|01012018|
1711250027424011|09296295012419|01012018|
1711170027422011|61198164008497|01012018|
1711270027426011|60860087016283|01012018|
1711210027430011|60746948054719|01012018|
1711240027432011|60746948372419|01012018|
1711280027425011|60723061023311|01012018|
1711240027435011|42591651140824|01012018|
1711230027429011|01764417000193|01012018|
1711250027436011|09296295012508|01012018|
1711240027431011|60746948567775|01012018|
1711280027415021|14995581000153|01012018|
1711290027437011|61186888014739|01012018|
1711170027434011|61198164008900|01012018|
1711290027438011|14310577000457|01012018|
1711290027439011|86365350002110|01012018|
1711210027440011|60746948054638|01012018|
1711250027442011|42591651070788|01012018|
1711250027443011|09296295012680|01012018|
1711290027446011|45242914003384|01012018|
1711240027441011|60746948564245|01012018|
1711270027444011|00857758000736|01012018|
1711170027445011|61198164009388|01012018|
1711290027447011|97318943000107|01012018|
1711250027449011|09296295012761|01012018|
1711290027450011|46872214000159|01012018|
1711240027452011|60746948372176|01012018|
1711160027453011|09477652001249|01012018|
1711250027448011|60746948565306|01012018|
1711210027454011|60746948687401|01012018|
1711270027451011|00857758000817|01012018|
1711240027455011|42591651140581|01012018|
1711250027456011|09296295012842|01012018|
1711250027433021|42591651050914|01012018|
1711220027457011|60746948056096|01012018|
1711170027458011|61198164010041|01012018|
1711250027462011|09296295012923|01012018|
1711210027463011|12790622000220|01012018|
1711240027464011|60746948371790|01012018|
1711240027459011|60746948565560|01012018|
1711270027460011|00857758001201|01012018|
1711250027465011|42591651071245|01012018|
1711250027467011|60746948688211|01012018|
1711240027470011|42591651140409|01012018|
1711290027472011|60860087000360|01012018|
1711280027468011|60723061026094|01012018|
1711170027469011|61198164010394|01012018|
1711240027471011|60746948564164|01012018|
1711250027474011|09296295013067|01012018|
1711250027475011|42591651071598|01012018|
1711270027477011|60860087000522|01012018|
1711250027478011|60746948688564|01012018|
1711290027479011|45242914003546|01012018|
1711290027473011|02160284000613|01012018|
1711240027480011|60746948371528|01012018|
1711170027482011|61198164013229|01012018|
1711250027484011|42591651140239|01012018|
1711250027485011|09296295013148|01012018|
1711200027486011|60746948048077|01012018|
1711240027483011|60746948563273|01012018|
1711290027487011|91235549000110|01012018|
1711240027488011|60746948371285|01012018|
1711250027489011|60746948690623|01012018|
1711240027492011|42591651051210|01012018|
1711250027493011|09296295013300|01012018|
1711210027490011|61198164013300|01012018|
1711240027494011|42591651140158|01012018|
1711250027495011|42591651071679|01012018|
1711240027496011|60746948056258|01012018|
1711210027491011|60746948562463|01012018|
1711290027499011|02160284000290|01012018|
1711240027500011|60746948371013|01012018|
1711220027501011|60746948057068|01012018|
1711210027497011|61198164013903|01012018|
1711240027498011|15401489000180|01012018|
1711250027502011|60746948693134|01012018|
1711250027503011|42591651051481|01012018|
1711250027504011|09296295013571|01012018|
1711270027506011|72619976000158|01012018|
1711240027507011|42591651139818|01012018|
1711250027508011|42591651072721|01012018|
1711240027509011|60746948057220|01012018|
1711290027510011|09477652001320|01012018|
1711210027505011|61198164014209|01012018|
1711270027511011|60860087001170|01012018|
1711250027513011|60746948693487|01012018|
1711250027514011|60746948370980|01012018|
1711290027515011|04222931000438|01012018|
1711270027516011|60860087011214|01012018|
1711240027517011|60746948057491|01012018|
1711290027512011|02160284000702|01012018|
1711290027518011|00392740000110|01012018|
1711250027519011|60746948562030|01012018|
1711270027520011|60860087014159|01012018|
1711250027521011|60746948694459|01012018|
1711290027522011|05054878000980|01012018|
1711270027523011|60860087014230|01012018|
1711240027524011|60746948369620|01012018|
1711250027525011|42591651073027|01012018|
1711240027527011|60746948058625|01012018|
1711270027528011|60860087015716|01012018|
1711230027529011|07617476000115|01012018|
1711250027530011|60746948695773|01012018|
1711290027531011|17692901000437|01012018|
1711210027535011|60746948058897|01012018|
1711210027533011|61198164014705|01012018|
1711250027536011|60746948561300|01012018|
1711240027534011|60746948561572|01012018|
1711240027537011|42591651139737|01012018|
1711290027538011|60860087000875|01012018|
1711250027539011|60746948367768|01012018|
1711240027540011|60746948058978|01012018|
1711250027542011|42591651073531|01012018|
1711200027544011|11153938000168|01012018|
1711250027545011|60746948696664|01012018|
1711290027546011|56720428000163|01012018|
1711210027541011|61198164016678|01012018|
1711240027543011|60746948560681|01012018|
1711240027547011|60746948059354|01012018|
1711240027549011|60746948059435|01012018|
1711290027550011|56720428001135|01012018|
1711280027551011|17184037000110|01012018|
1711250027552011|42591651073884|01012018|
1711210027553011|60746948059869|01012018|
1711290027554011|56720428001488|01012018|
1711280027555011|17184037000705|01012018|
1711290027557011|09477652001591|01012018|
1711250027556011|60746948697393|01012018|
1711240027560011|60746948367504|01012018|
1711280027561011|17184037002830|01012018|
1711210027558011|61198164016830|01012018|
1711280027563011|17184037003305|01012018|
1711240027559011|60746948559403|01012018|
1711250027564011|42591651073965|01012018|
1711220027562011|33453598009775|01012018|
1711280027565011|17184037003640|01012018|
1711200027567011|47855507000786|01012018|
1711280027568011|17184037005421|01012018|
1711210027566011|61198164016910|01012018|
1711250027570011|42591651074007|01012018|
1711240027571011|60746948060107|01012018|
1711250027573011|60746948705590|01012018|
1711250027569011|60746948558270|01012018|
1711210027572011|61198164017569|01012018|
1711240027576011|60746948060441|01012018|
1711250027578011|60746948365803|01012018|
1711290027579011|60860087003114|01012018|
1711240027575011|60746948550023|01012018|
1711290027580011|60860087002495|01012018|
1711290027577011|30741805000157|01012018|
1711280027582011|17184037005693|01012018|
1711240027581011|60746948060603|01012018|
1711250027585011|60746948706058|01012018|
1711280027586011|17184037008951|01012018|
1711250027587011|42591651074180|01012018|
1711240027588011|60746948060956|01012018|
1711240027583011|60746948553391|01012018|
1711210027584011|61198164017720|01012018|
1711280027589011|17184037010263|01012018|
1711290027591011|60837457000187|01012018|
1711210027590011|60746948061090|01012018|
1711270027592011|17428731000720|01012018|
1711280027593011|17184037015060|01012018|
1711290027595011|60860087003890|01012018|
1711280027596011|17184037016202|01012018|
1711240027597011|60746948361131|01012018|
1711290027598011|09477652000609|01012018|
1711240027599011|60746948061170|01012018|
1711280027601011|17184037021389|01012018|
1711250027594011|60746948556579|01012018|
1711250027602011|42591651074260|01012018|
1711250027603011|60746948707020|01012018|
1711290027605011|16355380000974|01012018|
1711210027606011|60746948061251|01012018|
1711210027600011|61198164019421|01012018|
1711250027604011|60746948529687|01012018|
1711240027608011|60746948061502|01012018|
1711240027611011|60746948061766|01012018|
1711290027612011|09477652002563|01012018|
1711210027609011|61198164019855|01012018|
1711270027613011|17428731000801|01012018|
1711240027610011|60746948525428|01012018|
1711240027614011|60746948061928|01012018|
1711270027616011|17428731001107|01012018|
1711280027615011|42035097000207|01012018|
1711240027617011|60746948708697|01012018|
1711290027607021|60860087011567|01012018|
1711270027618011|17428731001379|01012018|
1711270027619011|17428731001450|01012018|
1711290027621011|07721579000473|01012018|
1711290027622011|06526131000193|01012018|
1711270027623011|17428731002936|01012018|
1711290027624011|05356949000908|01012018|
1711270027625011|17428731003150|01012018|
1711230024463051|04104117000761|01012018|
1711250027626011|60746948708930|01012018|
1711290027627011|60860087012962|01012018|
1711290027620021|34004978000143|01012018|
1711290027629011|60860087013004|01012018|
1711290027630011|60860087013187|01012018|
1711210027628011|61198164019936|01012018|
1711270027631011|17428731003908|01012018|
1711290027633011|04821041000604|01012018|
1711250027635011|60746948710241|01012018|
1711290027636011|60860087013772|01012018|
1711210027632011|61198164020357|01012018|
1711290027634011|02288420000140|01012018|
1711290027637011|04453459000100|01012018|
1711290027639011|05356949000223|01012018|
1711270027640011|17428731004718|01012018|
1711210027638011|61198164020608|01012018|
1711270027641011|17428731004807|01012018|
1711290027643011|60860087013934|01012018|
1711270027644011|17428731005102|01012018|
1711210027642011|61198164020861|01012018|
1711290027645011|60860087014078|01012018|
1711290027647011|60860087004277|01012018|
1711210027646011|61198164023968|01012018|
1711290027648011|60860087000956|01012018|
1711170027649011|61198164024182|01012018|
1711290027650011|00000208000100|01012018|
1711210027651011|61198164027106|01012018|
1711290027652011|00000208001425|01012018|
1711290027653011|00000208002740|01012018|
1711290027654011|17692901000860|01012018|
1711290027655011|00000208005927|01012018|
1711290027657011|00000208007113|01012018|
1711290027658011|14310577000708|01012018|
1711140027656011|08816067000100|01012018|
1711040024579021|03774819000790|01012018|
1711290027659011|00000208010920|01012018|
1711290027660011|35715234000442|01012018|
1711160027661011|10734806000167|01012018|
1711080027192021|02012862002103|01012018|
1711290027662011|45242914004003|01012018|
1711080027221021|02012862002456|01012018|
1711290027665011|60723061031926|01012018|
1711290027666011|04565361000136|01012018|
1711290027664011|03777341008817|01012018|
1711290027667011|45242914004437|01012018|
1711290027669011|03774819000285|01012018|
1711170027670011|34391615000108|01012018|
1711080027213021|02012862002618|01012018|
1711160027668011|51216125000194|01012018|
1711080027231021|02012862002707|01012018|
1711290027671011|03777341009112|01012018|
1711290027672011|00000208000534|01012018|
1711080027236021|02012862003002|01012018|
1711290027675011|03774819002229|01012018|
1711290027673011|03777341010390|01012018|
1711160027674011|04862600000110|01012018|
1711290027677011|00465813000157|01012018|
1711080027245021|02012862003185|01012018|
1711290027678011|14310577001852|01012018|
1711290027676011|03777341013730|01012018|
1711170027680011|02510563000155|01012018|
1711290027679011|03777341015350|01012018|
1711290027682011|86375912000163|01012018|
1711080027248021|02012862003347|01012018|
1711290027681011|03777341016402|01012018|
1711170027683011|16082018000110|01012018|
1711090027262021|02012862003770|01012018|
1711290027685011|03774819005910|01012018|
1711290027684011|03777341016593|01012018|
1711090027290021|02012862004742|01012018|
1711160027686011|02340041000152|01012018|
1711290027688011|45242914005247|01012018|
1711290027689011|00465813000238|01012018|
1711270027690011|17428731005528|01012018|
1711290027691011|60723061033201|01012018|
1711290027693011|00465813000319|01012018|
1711210027692011|00853157000160|01012018|
1711290027694011|91802041050685|01012018|
1711290027695011|60723061033708|01012018|
1711270027697011|83310441000621|01012018|
1711290027698011|45242914005751|01012018|
1711270027696021|17428731005609|01012018|
1711280027699011|42591651095004|01012018|
1711280027700011|83310441000460|01012018|
1711280026288021|08091102000252|01012018|
1711290027701011|91802041049083|01012018|
1711290027702011|83310441000974|01012018|
1711270027703011|17428731005870|01012018|
1711290027704011|45242914005832|01012018|
1711290027705011|14310577004444|01012018|
1711270027707011|17428731006338|01012018|
1711290027708011|91802041045410|01012018|
1711290027709011|97318943000360|01012018|
1711090027309021|02012862005633|01012018|
1711290027710011|09553290000418|01012018|
1711270027711011|17428731006419|01012018|
1711290027712011|91802041043395|01012018|
1711090027320021|02012862006109|01012018|
1711290027706021|09477652001168|01012018|
1711090027334021|02012862006958|01012018|
1711220027713011|53408654000115|01012018|
1711290027714011|60723061059936|01012018|
1711270027715011|17428731006680|01012018|
1711290027716011|91802041043204|01012018|
1711090027341021|02012862007253|01012018|
1711280026293021|08091102000333|01012018|
1711090027349021|02012862008063|01012018|
1711090027357021|02012862008306|01012018|
1711280026328021|08091102001305|01012018|
1711090027382021|02012862021167|01012018|
1711250026145021|09296295001212|01012018|
1711290027717011|27608256000132|01012018|
1711010027109021|02012862000160|01012018|
1711290027718021|60723061058530|01012018|
1711290027719011|91802041035619|01012018|
1711290027720011|60723061036642|01012018|
1711080027121021|02012862000402|01012018|
1711280026283021|13920130000194|01012018|
1711080027146021|02012862000917|01012018|
1711290027721011|91802041049750|01012018|
1711080027156021|02012862001050|01012018|
1711080026278031|44597052000162|01012018|
1711080027164021|02012862001131|01012018|
1711290027722011|03777341017131|01012018|
1711270027723011|83310441000206|01012018|
1711250027724011|60746948712961|01012018|
1711290027725011|14310577004606|01012018|
1711010027726011|29251097000197|01012018|
1711080027180021|02012862001727|01012018|
1711270027727011|17428731006761|01012018|
1711160027238021|60967551000150|01012018|
1711240027728011|60746948062142|01012018|
1711250027729011|60746948715200|01012018|
1711270027730011|17428731007067|01012018|
1711140027731011|83310441003051|01012018|
1711210027732011|60746948062304|01012018|
1711290027734011|60723061055868|01012018|
1711090027302021|02012862005552|01012018|
1711270027735011|17428731007229|01012018|
1711280027736011|47508411000156|01012018|
1711290027733011|03777341019185|01012018|
1711240027737011|60746948062738|01012018|
1711250027739011|60746948715391|01012018|
1711240027740011|60746948063386|01012018|
1711290027741011|14310577005254|01012018|
1711240027742011|60746948064510|01012018|
1711290027269021|60967551000312|01012018|
1711290027743011|60723061052923|01012018|
1711210027745011|60746948065168|01012018|
1711240027746011|60746948065915|01012018|
1711250027747011|60746948716444|01012018|
1711290027738031|03777341019266|01012018|
1711290027748011|60723061047415|01012018|
1711080027252021|02012862003509|01012018|
1711240027750011|60746948066563|01012018|
1711230027751011|80227184000166|01012018|
1711290027749011|03777341021082|01012018|
1711290027752011|60723061046796|01012018|
1711240027754011|60746948066725|01012018|
1711290027753011|03777341021910|01012018|
1711280027755011|47508411000237|01012018|
1711240027756011|60746948066806|01012018|
1711270027758011|01642931000156|01012018|
1711280027759011|84229889000173|01012018|
1711250027760011|60746948716797|01012018|
1711290027757011|03777341023530|01012018|
1711210027762011|60746948068779|01012018|
1711240027764011|60746948068930|01012018|
1711290027763011|03777341027285|01012018|
1711270027765011|17428731007814|01012018|
1711290027767011|02762783000176|01012018|
1711290027768011|47508411000318|01012018|
1711210027769011|60746948071303|01012018|
1711290027766011|03777341027870|01012018|
1711270027771011|17428731007903|01012018|
1711250027772011|60746948718650|01012018|
1711290027770011|03777341028257|01012018|
1711290027773011|03777341029652|01012018|
1711210027775011|60746948071648|01012018|
1711270027776011|17428731008462|01012018|
1711250027777011|60746948722924|01012018|
1711290027778011|14310577007117|01012018|
1711290027774011|03777341032793|01012018|
1711240027779011|60746948072539|01012018|
1711270027780011|17428731008543|01012018|
1711250027783011|60746948724706|01012018|
1711240027784011|60746948076607|01012018|
1711290027781011|03777341042080|01012018|
1711270027785011|17428731008624|01012018|
1711250027782011|42591651139575|01012018|
1711240027786011|60746948077840|01012018|
1711240027788011|60746948082844|01012018|
1711200027789011|03532453000157|01012018|
1711210027790011|60746948084707|01012018|
1711280027791011|04595622000160|01012018|
1711250027792011|60746948728370|01012018|
1711070027793011|79265617000199|01012018|
1711240027795011|60746948085940|01012018|
1711290027797011|47508411000407|01012018|
1711240027798011|60746948088451|01012018|
1711290027799011|14811848000105|01012018|
1711240027796011|42591651139060|01012018|
1711210027800011|60746948089857|01012018|
1711290027802011|61409892013585|01012018|
1711240027804011|60746948090863|01012018|
1711290027801011|29324951000106|01012018|
1711290027805011|09078935000165|01012018|
1711240027806011|60746948093102|01012018|
1711240027807011|60746948730196|01012018|
1711240027808011|60746948093536|01012018|
1711290027809011|29915238000129|01012018|
1711270027810011|17428731009191|01012018|
1711240027811011|60746948093706|01012018|
1711250027812011|60746948732130|01012018|
1711240027813011|60746948097604|01012018|
1711090027814011|05729049000101|01012018|
1711290027817011|83495085000153|01012018|
1711250027819011|60746948101300|01012018|
1711240027820011|42591651051643|01012018|
1711290027818011|33474065000128|01012018|
1711250027822011|60746948737107|01012018|
1711280026554021|07175725001050|01012018|
1711270027823011|17428731009434|01012018|
1711290027824011|53009825000133|01012018|
1711290027825011|47508411002442|01012018|
1711240027826011|60746948102624|01012018|
1711290027827011|53577383000121|01012018|
1711280027828011|47508411004577|01012018|
1711270027829011|17428731010106|01012018|
1711240027831011|60746948105640|01012018|
1711240027832011|42591651053000|01012018|
1711290027833011|47508411004739|01012018|
1711240027834011|60746948106700|01012018|
1711280027835011|47508411005034|01012018|
1711240027836011|60746948107189|01012018|
1711290027838011|53577383000474|01012018|
1711270027839011|74224163003100|01012018|
1711290027840011|47508411006278|01012018|
1711240027842011|60746948107340|01012018|
1711280027843011|47508411006782|01012018|
1711270027844011|17428731011250|01012018|
1711250027845011|60746948107936|01012018|
1711280027846011|47508411007754|01012018|
1711010027848011|72620735000129|01012018|
1711240027849011|60746948108665|01012018|
1711280027850011|47508411007916|01012018|
1711240027851011|60746948738251|01012018|
1711270027852011|17428731012060|01012018|
1711290027853011|47508411008300|01012018|
1711240027854011|60746948112182|01012018|
1711270027816031|74224163000437|01012018|
1711290027856011|53577383000989|01012018|
1711270027858011|17428731012222|01012018|
1711290027859011|47508411009960|01012018|
1711240027860011|60746948116846|01012018|
1711240027861011|60746948744146|01012018|
1711280027862011|87858361000151|01012018|
1711240027855021|42591651053182|01012018|
1711240027864011|60746948117303|01012018|
1711290027865011|74224163002219|01012018|
1711290027866011|60723061046443|01012018|
1711290027867011|61856571000621|01012018|
1711250027868011|60746948118628|01012018|
1711290027869011|90049792000181|01012018|
1711240027870011|42591651053859|01012018|
1711270027871011|17428731012494|01012018|
1711290027874011|60723061043266|01012018|
1711240027873011|60746948122498|01012018|
1711290027876011|33746207000169|01012018|
1711280027877011|48748230000593|01012018|
1711290027878011|74224163002995|01012018|
1711010027879011|92811959000125|01012018|
1711290027880011|01206820000873|01012018|
1711240027881011|60746948122811|01012018|
1711270027882011|17428731012818|01012018|
1711240027885011|60746948744499|01012018|
1711290027886011|75315333000885|01012018|
1711220025880031|05592745000100|01012018|
1711270027887011|47902648000117|01012018|
1711280026430021|07175725000402|01012018|
1711240027888011|60746948123036|01012018|
1711270027889011|17428731012907|01012018|
1711240027891011|42591651055045|01012018|
1711280027892011|47508411010542|01012018|
1711250027894011|60746948306033|01012018|
1711240027895011|60746948123621|01012018|
1711270027896011|17428731013113|01012018|
1711290027847021|61585865000151|01012018|
1711280027897011|47508411010623|01012018|
1711290027898011|74224163003886|01012018|
1711240027899011|60746948123702|01012018|
1711270027900011|17428731013202|01012018|
1711280027901011|47508411011603|01012018|
1711290027863021|61585865080163|01012018|
1711290027902011|14748851000121|01012018|
1711240027903011|60746948745460|01012018|
1711230027904011|49911589000179|01012018|
1711270027905011|17428731013466|01012018|
1711290027906011|61940292004639|01012018|
1711290027884021|61585865107037|01012018|
1711250027907011|42591651055398|01012018|
1711290027908011|20330117000140|01012018|
1711250027909011|60746948124350|01012018|
1711270027910011|17428731013628|01012018|
1711280026452021|07175725000836|01012018|
1711240027912011|60746948131217|01012018|
1711290027913011|34393371000100|01012018|
1711270027914011|07616290000141|01012018|
1711270027915011|17428731013709|01012018|
1711290027911011|61585865108270|01012018|
1711250027917011|60746948746009|01012018|
1711240027918011|60746948131721|01012018|
1711250027919011|60746948306114|01012018|
1711240027916011|60746948375434|01012018|
1711170027920011|42764217000118|01012018|
1711250027922011|60746948132450|01012018|
1711270027923011|17428731013970|01012018|
1711240027921011|60746948375787|01012018|
1711290027924011|61940292004710|01012018|
1711240027925011|60746948133180|01012018|
1711240027926011|60746948378611|01012018|
1711270027927011|17428731014357|01012018|
1711290027929011|18349936000198|01012018|
1711290027931011|45242914006219|01012018|
1711250027932011|60746948746947|01012018|
1711250027933011|60746948133422|01012018|
1711210027938011|60746948306203|01012018|
1711080027934011|79957791000100|01012018|
1711240027935011|60746948382058|01012018|
1711270027939011|17428731014438|01012018|
1711240027942011|60746948136600|01012018|
1711290027943011|61940292005872|01012018|
1711070027940011|17316563000196|01012018|
1711250027941011|60746948382210|01012018|
1711250027945011|60746948144467|01012018|
1711280027946011|47508411013991|01012018|
1711290027947011|45242914006308|01012018|
1711240027948011|60746948747161|01012018|
1711270027949011|17428731014519|01012018|
1711170027950011|48748230000160|01012018|
1711240027944011|60746948383020|01012018|
1711290027952011|29403763000165|01012018|
1711280026472021|07175725001565|01012018|
1711240027953011|60746948144629|01012018|
1711240027954011|60746948383534|01012018|
1711290027955011|47508411018101|01012018|
1711270027956011|17428731014780|01012018|
1711250027958011|60746948149264|01012018|
1711210027959011|60746948306386|01012018|
1711270027960011|17428731014861|01012018|
1711250027957011|60746948384344|01012018|
1711250027961011|60746948150190|01012018|
1711280026475021|07175725001646|01012018|
1711290027962011|07024792000183|01012018|
1711240027963011|85305407000180|01012018|
1711290027964011|31565104005489|01012018|
1711290027965011|47508411024764|01012018|
1711250027968011|60746948150351|01012018|
1711270027969011|17428731015086|01012018|
1711240027970011|60746948385235|01012018|
1711210027966011|60746948388412|01012018|
1711290027971011|60723061038939|01012018|
1711250027972011|60746948153709|01012018|
1711270027973011|17428731016058|01012018|
1711270027974011|48748230000321|01012018|
1711280027975011|47508411028590|01012018|
1711270027977011|17428731015248|01012018|
1711290027978011|31565104009638|01012018|
1711240027979011|60746948155159|01012018|
1711240027976011|60746948388501|01012018|
1711270027981011|17428731016139|01012018|
1711250027982011|60746948747757|01012018|
1711270027983011|48748230000402|01012018|
1711250027984011|60746948159650|01012018|
1711290027985011|47508411030497|01012018|
1711250027986011|60746948305908|01012018|
1711290027987011|07024792000264|01012018|
1711290026963021|75315333007383|01012018|
1711240027988011|60746948168056|01012018|
1711270027989011|17428731016210|01012018|
1711240027990011|60746948389060|01012018|
1711290027991011|31565104013074|01012018|
1711240027992011|60746948749539|01012018|
1711290027994011|92902055000105|01012018|
1711270027995011|17428731015752|01012018|
1711210027996011|60746948168218|01012018|
1711290027993011|61585865120211|01012018|
1711290027997011|14075158000135|01012018|
1711290027999011|21992946005706|01012018|
1711270028000011|17428731016309|01012018|
1711280028001011|47508411030578|01012018|
1711240028003011|60746948170549|01012018|
1711240028005011|60746948750979|01012018|
1711240027998011|60746948392959|01012018|
1711290028007011|60723061041131|01012018|
1711270028008011|17428731015833|01012018|
1711250028009011|60746948171510|01012018|
1711290028004011|61585865122184|01012018|
1711280028011011|47508411032007|01012018|
1711240028012011|60746948306467|01012018|
1711240028010011|60746948393688|01012018|
1711270028013011|17428731015914|01012018|
1711250028014011|60746948171863|01012018|
1711240028015011|60746948753994|01012018|
1711270028016011|17428731016643|01012018|
1711290027936021|31565104003354|01012018|
1711250028018011|60746948305576|01012018|
1711240028019011|60746948172835|01012018|
1711250028017011|60746948394900|01012018|
1711270028021011|17428731016724|01012018|
1711250028022011|60746948174102|01012018|
1711250028020011|60746948395117|01012018|
1711280028023011|47508411056534|01012018|
1711210028024011|60746948179503|01012018|
1711270028025011|17428731016996|01012018|
1711210028026011|60746948305304|01012018|
1711290028027011|04163766001624|01012018|
1711220028028011|21992946000151|01012018|
1711280028029011|47508411061880|01012018|
1711250028032011|60746948306548|01012018|
1711250028034011|60746948180269|01012018|
1711290028035011|45242914007452|01012018|
1711270028036011|17428731017020|01012018|
1711240028030011|60746948404396|01012018|
1711290028037011|60498706002524|01012018|
1711240028038011|60746948756829|01012018|
1711210028041011|60746948184337|01012018|
1711290028040011|31565104017304|01012018|
1711280028042011|47508411063743|01012018|
1711270028044011|17428731004556|01012018|
1711240028039011|60746948407735|01012018|
1711290028043011|05473352000188|01012018|
1711210028045011|60746948185228|01012018|
1711240028046011|83647917000614|01012018|
1711290028049011|47508411073030|01012018|
1711250028050011|60746948185651|01012018|
1711250028051011|60746948305142|01012018|
1711240028048011|60746948414600|01012018|
1711290028052011|81067860000144|01012018|
1711290028053011|31565104018629|01012018|
1711290028055011|11704388000128|01012018|
1711210028056011|60746948186704|01012018|
1711270028057011|17428731005447|01012018|
1711240028054011|60746948416807|01012018|
1711280028059011|47508411081059|01012018|
1711210028060011|60746948188910|01012018|
1711290028061011|75315333003043|01012018|
1711210028064011|60746948189134|01012018|
1711250028062011|60746948417021|01012018|
1711280028067011|47508411083000|01012018|
1711290028068011|31565104020445|01012018|
1711250028069011|60746948189720|01012018|
1711240028065011|60746948417455|01012018|
1711270028073011|17428731007571|01012018|
1711240028074011|12020480000131|01012018|
1711290028072011|45236791000868|01012018|
1711240028071011|60746948418850|01012018|
1711290028076011|60498706028752|01012018|
1711290028077011|31565104026990|01012018|
1711280028078011|47508411083264|01012018|
1711250028079011|60746948191201|01012018|
1711210028080011|60746948306629|01012018|
1711290028081011|61092037000181|01012018|
1711250028075011|60746948422610|01012018|
1711250028082011|60746948305061|01012018|
1711240028084011|60746948758015|01012018|
1711210028085011|60746948195029|01012018|
1711240028083011|60746948452870|01012018|
1711290028086011|19394808003659|01012018|
1711290028087011|31565104028004|01012018|
1711250028088011|60746948196181|01012018|
1711270028090011|17428731007652|01012018|
1711210028091011|60746948306700|01012018|
1711250028092011|60746948303280|01012018|
1711290027930021|49911589000411|01012018|
1711290028093011|60498706029058|01012018|
1711290028094011|45236791001244|01012018|
1711240028089011|60746948459298|01012018|
1711210028095011|60746948197404|01012018|
1711240028096011|60746948468360|01012018|
1711290028097011|31565104029906|01012018|
1711220027574021|17428731000135|01012018|
1711290028099011|47508411083930|01012018|
1711250028100011|60746948197587|01012018|
1711290028098011|54183587000221|01012018|
1711240028102011|60746948760265|01012018|
1711250028105011|60746948306890|01012018|
1711290028106011|31565104030327|01012018|
1711290028107011|01961898000550|01012018|
1711220028108011|05161788000131|01012018|
1711290028103011|45236791007366|01012018|
1711290028104011|46634598000171|01012018|
1711290028110011|17428731004203|01012018|
1711250028112011|60746948302470|01012018|
1711240028113011|60746948776269|01012018|
1711290028115011|31565104015956|01012018|
1711290028116011|08910541000320|01012018|
1711240028114011|60746948487313|01012018|
1711290028119011|13003051000461|01012018|
1711270028120011|17428731008110|01012018|
1711240028122011|60746948306971|01012018|
1711150028124011|10295212000105|01012018|
1711290028117011|45236791008761|01012018|
1711240028118011|60746948490969|01012018|
1711240028127011|60746948302208|01012018|
1711240028125011|60746948508337|01012018|
1711290028130011|05635291000108|01012018|
1711290028128011|54183587000493|01012018|
1711290028131011|83310441002918|01012018|
1711250028129011|60746948515899|01012018|
1711270028132011|60746948182202|01012018|
1711270028134011|17428731009000|01012018|
1711290028135011|54183587000817|01012018|
1711240028133011|60746948515970|01012018|
1711250028140011|60746948307196|01012018|
1711290028142011|31565104025323|01012018|
1711290028143011|59275792003175|01012018|
1711250028139011|60746948516518|01012018|
1711280028146011|08237411000107|01012018|
1711290028141011|54183587001546|01012018|
1711250028144011|60746948517166|01012018|
1711290028148011|02679312000107|01012018|
1711280028149011|45007630000479|01012018|
1711290028147011|33150608000151|01012018|
1711250028150011|60746948517670|01012018|
1711290028152011|03165607000110|01012018|
1711280028151011|94444247000140|01012018|
1711290028154011|45242914009900|01012018|
1711240028153011|60746948521198|01012018|
1711280028155011|04057495000146|01012018|
1711290028157011|12970783000204|01012018|
1711270027815021|17428731009353|01012018|
1711290028159011|30110597000198|01012018|
1711240028161011|60746948522240|01012018|
1711250028162011|60746948202173|01012018|
1711270028163011|60746948270098|01012018|
1711210028166011|60746948307439|01012018|
1711250028167011|60746948202335|01012018|
1711280028164011|04057495000812|01012018|
1711270028168011|60746948267704|01012018|
1711290028101021|67837963000115|01012018|
1711250028171011|60746948203811|01012018|
1711290028172011|59275792003680|01012018|
1711240028169011|60746948525002|01012018|
1711290028174011|45242914011808|01012018|
1711210028175011|60746948207132|01012018|
1711290028176011|59275792000664|01012018|
1711280028177011|00194214000146|01012018|
1711270028178011|60746948262826|01012018|
1711210028179011|60746948210192|01012018|
1711210028180011|60746948307510|01012018|
1711290028183011|09397075000122|01012018|
1711290028184011|59275792002012|01012018|
1711250028185011|60746948211326|01012018|
1711290028181011|20707884000126|01012018|
1711290028187011|17428731015590|01012018|
1711290028188011|08962294000144|01012018|
1711250028189011|60746948212489|01012018|
1711270028190011|60746948270683|01012018|
1711290028191011|45242914011999|01012018|
1711240028194011|60746948262150|01012018|
1711090028192011|00399857000126|01012018|
1711270028196011|17428731015671|01012018|
1711210028197011|60746948311460|01012018|
1711290028198011|04066581000115|01012018|
1711210028199011|60746948213701|01012018|
1711280028195011|58034315000210|01012018|
1711210028200011|60746948318392|01012018|
1711210028201011|60746948316500|01012018|
1711290028202011|08910541000592|01012018|
1711290028203011|33412792000160|01012018|
1711210028204011|60746948214260|01012018|
1711270028205011|60746948257237|01012018|
1711220028206011|60746948274085|01012018|
1711290028207011|33412792000322|01012018|
1711280028208011|00194214000227|01012018|
1711290028209011|33412792003500|01012018|
1711220028210011|60746948274670|01012018|
1711290028211011|33412792014200|01012018|
1711290028212011|33412792015001|01012018|
1711210028213011|60746948257156|01012018|
1711290028214011|33412792016679|01012018|
1711270028215011|60746948275138|01012018|
1711290028217011|45242914012537|01012018|
1711210028218011|60746948320290|01012018|
1711210028219011|60746948216042|01012018|
1711220028220011|60746948276290|01012018|
1711240024743021|70939574000296|01012018|
1711280028216011|58034315000563|01012018|
1711250028221011|60746948321342|01012018|
1711290028222011|33412792017306|01012018|
1711210028224011|60746948324287|01012018|
1711270028225011|60746948278668|01012018|
1711250028227011|60746948218258|01012018|
1711270028226011|60746948256346|01012018|
1711240028223011|60746948571888|01012018|
1711240028229011|60746948280131|01012018|
1711210028233011|60746948220740|01012018|
1711270028234011|01023570000160|01012018|
1711290028235011|33412792018027|01012018|
1711270028230011|00399857000207|01012018|
1711280028231011|58034315000644|01012018|
1711290028237011|33412792018108|01012018|
1711210028238011|60746948224908|01012018|
1711220028239011|60746948281537|01012018|
1711210028240011|60746948325410|01012018|
1711290028242011|33412792018370|01012018|
1711210028243011|60746948329246|01012018|
1711250028244011|60746948225114|01012018|
1711220028246011|60746948283742|01012018|
1711290028245011|33412792018450|01012018|
1711280028241011|58034315000997|01012018|
1711240028247011|60746948332620|01012018|
1711290028248011|33412792018612|01012018|
1711210028249011|60746948284471|01012018|
1711290028251011|33412792018884|01012018|
1711290028252011|47508411005972|01012018|
1711250028253011|60746948225467|01012018|
1711270028255011|60746948285443|01012018|
1711240027526021|42591651051562|01012018|
1711290028256011|33412792018965|01012018|
1711270028257011|60746948287225|01012018|
1711210028258011|60746948228130|01012018|
1711240028260011|60746948289007|01012018|
1711290028261011|28152650003197|01012018|
1711240026490031|42591651094881|01012018|
1711210028262011|60746948228644|01012018|
1711270028263011|60746948292652|01012018|
1711270028264011|00154710000176|01012018|
1711220028266011|60746948292903|01012018|
1711290028267011|45242914013266|01012018|
1711270028269011|60746948294000|01012018|
1711270028270011|60746948229373|01012018|
1711240028268011|60746948476206|01012018|
1711220028271011|60746948294515|01012018|
1711240028272011|60746948294868|01012018|
1711290028273011|10661303000109|01012018|
1711210028274011|60746948229616|01012018|
1711220028275011|60746948295082|01012018|
1711290028276011|57516916000116|01012018|
1711270028277011|60746948295244|01012018|
1711290028259021|79967923000258|01012018|
1711210028278011|60746948230975|01012018|
1711220028281011|60746948295597|01012018|
1711290028282011|61322558000269|01012018|
1711290028279011|77388007000157|01012018|
1711270028284011|60746948295830|01012018|
1711250028285011|60746948338580|01012018|
1711290028283011|04626152000155|01012018|
1711270028287011|60746948295910|01012018|
1711290028288011|02302100002737|01012018|
1711240028289011|60746948341700|01012018|
1711210028290011|60746948232595|01012018|
1711290028291011|02302100000521|01012018|
1711220028292011|60746948296569|01012018|
1711290028293011|09538662000275|01012018|
1711210028294011|60746948233133|01012018|
1711290028295011|84693183000168|01012018|
1711240028297011|60746948340134|01012018|
1711290028296011|02302100001927|01012018|
1711280028299011|00194214000308|01012018|
1711220028300011|60746948296640|01012018|
1711290028301011|13259186000140|01012018|
1711290028250021|10794871000188|01012018|
1711290028303011|02302100004276|01012018|
1711270028304011|60746948233729|01012018|
1711290028305011|34395186000147|01012018|
1711280028306011|07774050000175|01012018|
1711270028298011|03803317000154|01012018|
1711220028308011|60746948297107|01012018|
1711290028309011|45242914014580|01012018|
1711270028310011|60746948237554|01012018|
1711270028311011|60746948297298|01012018|
1711210028312011|60746948238950|01012018|
1711270028313011|60746948297379|01012018|
1711240028314011|60746948344806|01012018|
1711290028236021|21162522000160|01012018|
1711240028316011|60746948346175|01012018|
1711290028317011|33337122002766|01012018|
1711240028318011|60746948347490|01012018|
1711290028319011|00399857000479|01012018|
1711220028320011|60746948297964|01012018|
1711270028321011|60746948239417|01012018|
1711220028322011|60746948298006|01012018|
1711290028323011|45242914014823|01012018|
1711270028324011|60746948239921|01012018|
1711290028325011|07184036000111|01012018|
1711290028328011|28152650014202|01012018|
1711290028329011|61288437000167|01012018|
1711280028330011|60723061008606|01012018|
1711240028331011|60746948298189|01012018|
1711290028332011|00399857002099|01012018|
1711250028333011|60746948298502|01012018|
1711290028335011|45242914015633|01012018|
1711290028337011|33337122022368|01012018|
1711240028338011|60746948348704|01012018|
1711240028339011|60746948349786|01012018|
1711210028302021|01711083000190|01012018|
1711250028341011|60746948352060|01012018|
1711290028342011|00399857002501|01012018|
1711250028344011|60746948298774|01012018|
1711290028345011|18041888000176|01012018|
1711210028346011|01111567000106|01012018|
1711270028343011|60746948232080|01012018|
1711290028347011|03403394000117|01012018|
1711290028348011|33337122002847|01012018|
1711210028349011|60746948240261|01012018|
1711290028350011|91235549000706|01012018|
1711240028351011|60746948298936|01012018|
1711290028352011|33337122004467|01012018|
1711250028353011|60746948352736|01012018|
1711290028354011|76062488000739|01012018|
1711210028355011|60746948241233|01012018|
1711250028358011|60746948352817|01012018|
1711250028359011|60746948352906|01012018|
1711290028360011|33337122007725|01012018|
1711290028361011|00512573000102|01012018|
1711290028362011|91235549000978|01012018|
1711280028363011|49972326000170|01012018|
1711240028364011|60746948300183|01012018|
1711240028368011|60746948300264|01012018|
1711290028367011|92016757002054|01012018|
1711290028369011|91235549001001|01012018|
1711280028370011|00143381000168|01012018|
1711210028371011|60746948241314|01012018|
1711240028326031|95877973000110|01012018|
1711250028372011|60746948353031|01012018|
1711250028373011|60746948301155|01012018|
1711290028374011|92016757003883|01012018|
1711240028376011|60746948353112|01012018|
1711240028377011|60746948353201|01012018|
1711280028378011|05553456000100|01012018|
1711250028379011|60746948301236|01012018|
1711210028380011|60746948241667|01012018|
1711120028382011|08343492000120|01012018|
1711290028383011|34402248000109|01012018|
1711280028384011|05980986000127|01012018|
1711250028386011|60746948301317|01012018|
1711270028387011|60746948241748|01012018|
1711250028388011|60746948301740|01012018|
1711280028389011|07455944000100|01012018|
1711290028385011|54378195000137|01012018|
1711290028307021|59179838000218|01012018|
1711250028390011|60746948353899|01012018|
1711290028391011|20636066000180|01012018|
1711240028392011|60746948353970|01012018|
1711270028393011|60746948242043|01012018|
1711250028394011|60746948302046|01012018|
1711240028395011|60746948354780|01012018|
1711290028396011|91235549001192|01012018|
1711280028397011|07398533000112|01012018|
1711270028398011|60746948242396|01012018|
1711280028399011|06059962000100|01012018|
1711250028400011|60746948354860|01012018|
1711280028401011|09067572000162|01012018|
1711160028402011|04817052000297|01012018|
1711290028404011|91235549001273|01012018|
1711240028405011|60746948354941|01012018|
1711290028406011|34395129000168|01012018|
1711240028407011|60746948355085|01012018|
1711130028408011|08343492000200|01012018|
1711290028403011|33295346000113|01012018|
1711280028409011|84046101000193|01012018|
1711290028410011|91235549001354|01012018|
1711200026979021|60746948038942|01012018|
1711280028411011|84046101000940|01012018|
1711280028413011|84046101001670|01012018|
1711270028414011|08343492000472|01012018|
1711240028415011|60746948357452|01012018|
1711280028416011|84046101001912|01012018|
1711290028417011|00399857002846|01012018|
1711290028418011|91235549001516|01012018|
1711240028419011|60746948357967|01012018|
1711280028420011|84046101002722|01012018|
1711240028421011|60746948358009|01012018|
1711270028422011|08343492000553|01012018|
1711290028425011|79743837000180|01012018|
1711280028427011|08343492000634|01012018|
1711280028426011|84046101004261|01012018|
1711290028428011|91235549001869|01012018|
1711280028429011|84046101005233|01012018|
1711220028430011|60746948242639|01012018|
1711280028431011|08343492000804|01012018|
1711250028432011|60746948359153|01012018|
1711280028433011|84046101005314|01012018|
1711220028434011|60746948245735|01012018|
1711240028435011|60746948359668|01012018|
1711280028436011|84046101005748|01012018|
1711280028437011|08343492000987|01012018|
1711280028438011|84046101009816|01012018|
1711220028439011|60746948246111|01012018|
1711280028441011|08343492001010|01012018|
1711280028442011|84046101012523|01012018|
1711290028444011|20814017000190|01012018|
1711280028445011|84046101012604|01012018|
1711270028446011|60746948247355|01012018|
1711290028440011|31928567000156|01012018|
1711280028448011|08343492001282|01012018|
1711280028449011|84046101012795|01012018|
1711290028443011|77388007000408|01012018|
1711270028450011|60746948249218|01012018|
1711280028451011|84046101012876|01012018|
1711280028452011|84046101014062|01012018|
1711280028453011|84046101015620|01012018|
1711200028454011|76093731000786|01012018|
1711290028455011|59179838000560|01012018|
1711280028456011|84046101018564|01012018|
1711270028457011|60746948249560|01012018|
1711280028458011|84046101019021|01012018|
1711280028459011|84046101022839|01012018|
1711280028460011|84046101023487|01012018|
1711290028461011|91235549002407|01012018|
1711280028462011|84046101023649|01012018|
1711280028463011|84046101023720|01012018|
1711290028464011|76093731000190|01012018|
1711200026829021|60746948028980|01012018|
1711280028466011|02363619000196|01012018|
1711220028467011|60746948252600|01012018|
1711290028468011|04869287000141|01012018|
1711240028469011|60746948252782|01012018|
1711240028471011|60746948253320|01012018|
1711280028123031|19394808000129|01012018|
1711220028472011|60746948253754|01012018|
1711290028365021|19394808001796|01012018|
1711290028474011|61186888013333|01012018|
1711290028070031|19394808001443|01012018|
1711290028475011|83011247001021|01012018|
1711290028477011|45990181001231|01012018|
1711230026298041|83310441004295|01012018|
1711290027106021|61186888007520|01012018|
1711290028478011|75315333017346|01012018|
1711290026916021|61186888000274|01012018|
1711170028479011|01640625000180|01012018|
1711290026957021|61186888001831|01012018|
1711200028480011|83310441001601|01012018|
1711010028481011|10970887000285|01012018|
1711290028482011|59179838002857|01012018|
1711290026942021|61186888001599|01012018|
1711280028483011|10970887000366|01012018|
1711290027098021|61186888007015|01012018|
1711200025566021|60746948000112|01012018|
1711290027123021|61186888009735|01012018|
1711290027141031|61186888009905|01012018|
1711280028484011|10970887000447|01012018|
1711290028473021|61186888013686|01012018|
1711280028485011|10970887000528|01012018|
1711270028487011|17027806000680|01012018|
1711280028488011|84046101023991|01012018|
1711280028489011|10970887000609|01012018|
1711280028490011|08343492001363|01012018|
1711290028491011|01335813000103|01012018|
1711290028492011|59179838000307|01012018|
1711290028493011|59275792009610|01012018|
1711280028494011|84046101024700|01012018|
1711290028495011|61186888013929|01012018|
1711280028496011|10970887000790|01012018|
1711280028497011|08343492001444|01012018|
1711290028498011|59179838004396|01012018|
1711290027428021|61186888014496|01012018|
1711270028499011|09863853001101|01012018|
1711290028500011|51990778000126|01012018|
1711290028501011|11158422000297|01012018|
1711280028502011|08343492001959|01012018|
1711280028503011|10970887000870|01012018|
1711290028504011|59275792004902|01012018|
1711290028505011|12493046000179|01012018|
1711280028506011|10970887001257|01012018|
1711290028507011|59275792005208|01012018|
1711280028508011|08343492002092|01012018|
1711290028509011|47508411012596|01012018|
1711280028510011|84046101026150|01012018|
1711280028511011|10970887001338|01012018|
1711280028512011|08343492002254|01012018|
1711280028513011|84046101027202|01012018|
1711280028514011|10970887001761|01012018|
1711290028515011|93929784000118|01012018|
1711280028516011|08343492002335|01012018|
1711280028517011|10970887002814|01012018|
1711280028518011|84046101027636|01012018|
1711290028519011|59275792006948|01012018|
1711280028520011|08343492005431|01012018|
1711280028521011|10970887003039|01012018|
1711290028522011|47508411013304|01012018|
1711280028523011|84046101030181|01012018|
1711280028525011|10970887003110|01012018|
1711280028527011|84046101030343|01012018|
1711290028528011|47508411022559|01012018|
1711290028529011|75315333006735|01012018|
1711280028530011|08343492011083|01012018|
1711280028531011|84046101030777|01012018|
1711280028532011|84046101033440|01012018|
1711290028533011|47508411034212|01012018|
1711280028534011|08343492011164|01012018|
1711280028535011|84046101034683|01012018|
1711290028537011|60394723002864|01012018|
1711280028538011|84046101034845|01012018|
1711280028539011|08343492012640|01012018|
1711280028540011|84046101035817|01012018|
1711280028541011|08343492013370|01012018|
1711280028543011|47508411036002|01012018|
1711280028544011|84046101037003|01012018|
1711280028546011|08343492013450|01012018|
1711280028548011|84046101037194|01012018|
1711290028549011|47508411043637|01012018|
1711290028547011|13574594010230|01012018|
1711280028550011|84046101037941|01012018|
1711280028551011|08343492020074|01012018|
1711170028552011|75315333008789|01012018|
1711290028553011|19152575000158|01012018|
1711280028555011|84046101038328|01012018|
1711280028554011|33000167006576|01012018|
1711290028556011|47508411044609|01012018|
1711280028557011|84046101038670|01012018|
1711290028558011|59275792009700|01012018|
1711280028559011|08343492021046|01012018|
1711280028560011|84046101038913|01012018|
1711280028562011|84046101039057|01012018|
1711280028563011|47508411048604|01012018|
1711280028564011|08343492021208|01012018|
1711280028565011|84046101039561|01012018|
1711290028567011|47508411058154|01012018|
1711280028568011|84046101040144|01012018|
1711290028566011|13574594011120|01012018|
1711280028569011|08343492025629|01012018|
1711280028570011|84046101040306|01012018|
1711290028571011|75127720000111|01012018|
1711280028572011|84046101040497|01012018|
1711290028574011|05644020000119|01012018|
1711280028575011|84046101040578|01012018|
1711290028573011|13574594013506|01012018|
1711280028576011|84046101040730|01012018|
1711280028578011|84046101041035|01012018|
1711290028579011|47508411085046|01012018|
1711290028577011|13574594017242|01012018|
1711280028580011|84046101041620|01012018|
1711290028254021|05635291001260|01012018|
1711290028583011|29309127005480|01012018|
1711280028584011|84046101042783|01012018|
1711270028585011|07857217000161|01012018|
1711280028586011|84046101044301|01012018|
1711280028587011|47508411086360|01012018|
1711280026839021|61068276000104|01012018|
1711280028581011|09041168000110|01012018|
1711290028582011|13574594018052|01012018|
1711280028589011|84046101044484|01012018|
1711280028592011|84046101044565|01012018|
1711290028593011|47508411089203|01012018|
1711290028588011|13574594035496|01012018|
1711290028594011|29309127007424|01012018|
1711090028590011|87134086000204|01012018|
1711280028595011|84046101045707|01012018|
1711280028591011|09041168000209|01012018|
1711290028596011|06191223000240|01012018|
1711280028597011|84046101045880|01012018|
1711290028598011|47508411089386|01012018|
1711290028599011|01984199000100|01012018|
1711290028600011|33295346001195|01012018|
1711280028601011|84046101045960|01012018|
1711290028602011|47508411092506|01012018|
1711290028603011|29309127012266|01012018|
1711280028604011|84046101046770|01012018|
1711280028605011|84046101047076|01012018|
1711280028606011|84046101047661|01012018|
1711290028607011|47508411092840|01012018|
1711280028608011|84046101047742|01012018|
1711290028609011|29309127013580|01012018|
1711270028610011|02578564000131|01012018|
1711280028612011|84046101047823|01012018|
1711280028613011|84046101048048|01012018|
1711290028614011|47508411093065|01012018|
1711220028611011|27865757002148|01012018|
1711290028615011|09122002000128|01012018|
1711270028616011|02578564000212|01012018|
1711290028617011|49475833000360|01012018|
1711280028618011|84046101049281|01012018|
1711280028619011|84046101049362|01012018|
1711290028620011|16514187000181|01012018|
1711270028621011|02578564000301|01012018|
1711280028622011|84046101053556|01012018|
1711290028623011|47508411093901|01012018|
1711290028624011|29309127016920|01012018|
1711280028625011|84046101056229|01012018|
1711270028626011|02578564000484|01012018|
1711280028627011|84046101056571|01012018|
1711270025580021|04033254000167|01012018|
1711270028629011|15102288000182|01012018|
1711280028630011|84046101056814|01012018|
1711290028631011|62895230000385|01012018|
1711270028633011|02578564000646|01012018|
1711290028634011|47508411094207|01012018|
1711290028628011|33000167009834|01012018|
1711270028635011|15102288005656|01012018|
1711290028636011|13436092001847|01012018|
1711220028632011|27865757002733|01012018|
1711270028637011|02578564000808|01012018|
1711290028638011|47508411094703|01012018|
1711290028639011|45990181002718|01012018|
1711280028640011|84046101057462|01012018|
1711280028642011|84046101057543|01012018|
1711290028643011|18826614000192|01012018|
1711290028641011|03961576000103|01012018|
1711270028644011|15102288026068|01012018|
1711280028645011|84046101057705|01012018|
1711290028647011|47508411095947|01012018|
1711270028650011|15102288032971|01012018|
1711280028651011|84046101057896|01012018|
1711010028653011|15102288033862|01012018|
1711290028655011|47508411096323|01012018|
1711270028656011|15102288039801|01012018|
1711220028652011|27865757005244|01012018|
1711270028654011|00409834000155|01012018|
1711280028657011|60854189000292|01012018|
1711270028659011|10220039004165|01012018|
1711280028660011|60854189000616|01012018|
1711270028661011|10220039004599|01012018|
1711240028658011|00409834000589|01012018|
1711290028663011|59104760000191|01012018|
1711280028664011|09449680000108|01012018|
1711290028666011|42150391000170|01012018|
1711290028665011|13564886000148|01012018|
1711280028667011|47508411096676|01012018|
1711280028668011|09464945000139|01012018|
1711290028669011|47508411096919|01012018|
1711280028670011|09486157000143|01012018|
1711290028671011|47508411098024|01012018|
1711290028672011|42150391001223|01012018|
1711290028673011|72908817000416|01012018|
1711290028675011|47508411098105|01012018|
1711290028676011|07552379000191|01012018|
1711290028677011|59104760000353|01012018|
1711290028678011|63411623000843|01012018|
1711280028679011|47508411098881|01012018|
1711090028680011|42816108000105|01012018|
1711290028682011|58506155000184|01012018|
1711280028681011|33000167024981|01012018|
1711290028683011|13436092000107|01012018|
1711290028685011|47508411099004|01012018|
1711280028686011|09863853001012|01012018|
1711140028687011|42816108000288|01012018|
1711290028688011|47508411099268|01012018|
1711290028689011|47508411101858|01012018|
1711280028690011|47508411102315|01012018|
1711270028691011|17844176000122|01012018|
1711140028692011|14544735000190|01012018|
1711290028693011|42150391002114|01012018|
1711290028694011|47508411102587|01012018|
1711280028695011|09635308000188|01012018|
1711290028696011|35715234000876|01012018|
1711290028697011|47508411102668|01012018|
1711290028698011|01554976000250|01012018|
1711290028699011|47508411103206|01012018|
1711290028700011|47508411103478|01012018|
1711210024181021|95823142000165|01012018|
1711280028702011|47508411103559|01012018|
1711290028703011|47508411104954|01012018|
1711290028704011|47508411105098|01012018|
1711290028705011|58506155000427|01012018|
1711290028706011|55186423000130|01012018|
1711290028707011|47508411106736|01012018|
1711290028708011|47508411107627|01012018|
1711290028709011|16505708000134|01012018|
1711290028711011|47508411109166|01012018|
1711290028710011|44382943000100|01012018|
1711290028712011|58506155001741|01012018|
1711290028713011|60394723001388|01012018|
1711290028714011|47508411109670|01012018|
1711290028716011|47508411113350|01012018|
1711270028717011|17262213025936|01012018|
1711050028718011|07526557000533|01012018|
1711280028719011|47508411113430|01012018|
1711290028720011|07526557000614|01012018|
1711290028721011|47508411114240|01012018|
1711290028722011|07526557001262|01012018|
1711290028723011|07526557001343|01012018|
1711290028724011|47508411115212|01012018|
1711290028725011|07526557001505|01012018|
1711290028726011|47508411115484|01012018|
1711290028727011|07526557001858|01012018|
1711290028728011|07526557001939|01012018|
1711290028729011|47508411117266|01012018|
1711290028730011|07526557002153|01012018|
1711290028731011|47508411119200|01012018|
1711290028733011|42150391004753|01012018|
1711290028734011|47508411122774|01012018|
1711290028735011|07526557002315|01012018|
1711290028736011|07526557002668|01012018|
1711290028737011|01203383000168|01012018|
1711290028738011|07526557002900|01012018|
1711290028739011|07526557003044|01012018|
1711280028740011|09863853000989|01012018|
1711290028741011|47508411123150|01012018|
1711290028742011|07526557003206|01012018|
1711290028743011|42150391005059|01012018|
1711270028732021|17262213027041|01012018|
1711290028744011|07526557003982|01012018|
1711290028745011|47508411123312|01012018|
1711290028746011|07526557004016|01012018|
1711290028747011|47508411123665|01012018|
1711290028748011|07526557005179|01012018|
1711290028749011|07526557005250|01012018|
1711290028750011|47508411124475|01012018|
1711290028751011|07526557005500|01012018|
1711290028752011|01203383000320|01012018|
1711290028753011|07526557005683|01012018|
1711290028754011|23637697009834|01012018|
1711290028755011|47508411125285|01012018|
1711290028756011|47508411126680|01012018|
1711060028757011|01594992000195|01012018|
1711290028758011|01203383000672|01012018|
1711290028759011|60394723003089|01012018|
1711290028760011|47508411127733|01012018|
1711290028761011|47508411128705|01012018|
1711290028762011|47508411133202|01012018|
1711290028764011|47508411134519|01012018|
1711290028763011|13449912000197|01012018|
1711290028765011|07234453000555|01012018|
1711290028766011|47508411135086|01012018|
1711290028767011|47508411135167|01012018|
1711290028769011|23637697002074|01012018|
1711280028770011|47508411135590|01012018|
1711270028768011|31134885000145|01012018|
1711290028771011|47508411136562|01012018|
1711290028772011|47508411140594|01012018|
1711290028773011|07234453001365|01012018|
1711290028774011|47508411144310|01012018|
1711290028776011|61288437000248|01012018|
1711290028775011|31134885001893|01012018|
1711160028777011|28053619000183|01012018|
1711290028778011|47508411144905|01012018|
1711290028779011|47508411146444|01012018|
1711290028780011|47508411150557|01012018|
1711290028781011|28053619000345|01012018|
1711290028782011|47508411152177|01012018|
1711270028783011|17262213027122|01012018|
1711290028784011|47508411152258|01012018|
1711290028785011|28053619000930|01012018|
1711290028786011|47508411152681|01012018|
1711290028787011|47508411156164|01012018|
1711280028788011|09863853000806|01012018|
1711290028790011|47508411157721|01012018|
1711290028791011|47508411158531|01012018|
1711290028792011|28053619001317|01012018|
1711290028793011|47508411158701|01012018|
1711290028794011|47508411159503|01012018|
1711290028795011|47508411159775|01012018|
1711290028796011|28053619007277|01012018|
1711280028798011|47508411159937|01012018|
1711290028799011|28053619007609|01012018|
1711290028800011|47508411160196|01012018|
1711280028801011|47508411167107|01012018|
1711290028802011|00655209000193|01012018|
1711290028803011|08334818000314|01012018|
1711290028804011|52311347000159|01012018|
1711290028805011|47508411167603|01012018|
1711290028806011|47508411167875|01012018|
1711290028807011|47508411167956|01012018|
1711290028808011|47508411168090|01012018|
1711290028809011|47508411168170|01012018|
1711290028810011|47508411168685|01012018|
1711290028811011|47508411168766|01012018|
1711290028812011|47508411168847|01012018|
1711290028813011|47508411169061|01012018|
1711290028814011|47508411169495|01012018|
1711290028815011|47508411169576|01012018|
1711280028816011|47508411169657|01012018|
1711290028817011|47508411170078|01012018|
1711280028818011|09863853000717|01012018|
1711290028819011|47508411170400|01012018|
1711290028820011|47508411171988|01012018|
1711290028821011|47508411173093|01012018|
1711290028822011|47508411173760|01012018|
1711290028823011|47508411174499|01012018|
1711290028824011|47508411174650|01012018|
1711280028825011|47508411176602|01012018|
1711090028826011|06886749000326|01012018|
1711020023458301|45693777000206|01012018|
1711290028828011|47508411176785|01012018|
1711280028829011|47508411208903|01012018|
1711280028830011|47508411209110|01012018|
1711280028831011|47508411221080|01012018|
1711270028832011|01466091000118|01012018|
1711290028834011|52311347000906|01012018|
1711270028835011|01466091000460|01012018|
1711270028836011|01466091000541|01012018|
1711270028838011|01466091000703|01012018|
1711270028837011|01466091000622|01012018|
1711270028839011|01466091000894|01012018|
1711270028840011|01466091000975|01012018|
1711270028841011|01466091001009|01012018|
1711290028843011|54506589000123|01012018|
1711280028844011|09863853000636|01012018|
1711270028847011|01466091001190|01012018|
1711270028849011|01466091001270|01012018|
1711270028850011|01466091001351|01012018|
1711270028851011|01466091001513|01012018|
1711290028853011|07663140000865|01012018|
1711280028854011|09863853000474|01012018|
1711240025873031|00332833000150|01012018|
1711290028846021|58069360000120|01012018|
1711290028845021|58069360000634|01012018|
1711240025875021|00332833000400|01012018|
1711290028848031|58069360001363|01012018|
1711290028852021|18081219000128|01012018|
1711280028855011|09863853000393|01012018|
1711280028856011|10850168000140|01012018|
1711290028857011|79655916000644|01012018|
1711290028858011|10366372000190|01012018|
1711280028859011|10373240000195|01012018|
1711280028861011|10528207000197|01012018|
1711290028860011|07286417000292|01012018|
1711270028862011|01466091001602|01012018|
1711290028863011|79655916000806|01012018|
1711280028864011|10571175000102|01012018|
1711280028865011|10571175000293|01012018|
1711030028868011|79655916000300|01012018|
1711280028869011|79379491000264|01012018|
1711270028870011|01466091001785|01012018|
1711260028871011|60476884000187|01012018|
1711270028872011|01466091001866|01012018|
1711010028874011|03930084000150|01012018|
1711280028875011|10956739000125|01012018|
1711270028876011|01466091001947|01012018|
1711290028873021|04130128000120|01012018|
1711280028877011|11619680000142|01012018|
1711280028878011|12592835000167|01012018|
1711270028879011|01466091002080|01012018|
1711290028880011|89674782001049|01012018|
1711280028881011|13097361000140|01012018|
1711280028882011|13602564000146|01012018|
1711280028884011|79379491000930|01012018|
1711290028885011|60476884000268|01012018|
1711280028886011|79379491001074|01012018|
1711290028887011|60476884001582|01012018|
1711280028888011|13668434000106|01012018|
1711290028889011|60476884003364|01012018|
1711280028890011|79379491001317|01012018|
1711280028891011|14278924000169|01012018|
1711290028892011|04821041000361|01012018|
1711280028893011|14279042000118|01012018|
1711060028883021|45176864000105|01012018|
1711280028894011|14957737000101|01012018|
1711280028895011|49068737000135|01012018|
1711280028896011|17358922000178|01012018|
1711290027476021|83874867000101|01012018|
1711260028904011|60476884001744|01012018|
1711290028905011|11137051002804|01012018|
1711270028906011|00117351000187|01012018|
1711280028907011|79379491001902|01012018|
1711260028908011|45542453000188|01012018|
1711280028909011|79379491002046|01012018|
1711290028833021|08334818000152|01012018|
1711260025344021|33035130000119|01012018|
1711280028910011|79379491002208|01012018|
1711240028911011|62291380000207|01012018|
1711290028912011|33062464000181|01012018|
1711070028842021|00339291000147|01012018|
1711290028913011|11137051021507|01012018|
1711290028914011|33062464000262|01012018|
1711280028915011|79379491002399|01012018|
1711290028916011|33062464001820|01012018|
1711280028917011|79379491002712|01012018|
1711290028918011|33062464002559|01012018|
1711290028920011|11137051031731|01012018|
1711280028922011|79379491003018|01012018|
1711280028923011|79379491003107|01012018|
1711280028924011|79379491004332|01012018|
1711290028925011|33041260006448|01012018|
1711280028926011|79379491004928|01012018|
1711290028927011|33041260008904|01012018|
1711290028928011|33041260016320|01012018|
1711280028929011|79379491005657|01012018|
1711290028930011|33041260035979|01012018|
1711280028931011|79379491005738|01012018|
1711290028932011|33041260049090|01012018|
1711280028933011|79379491006467|01012018|
1711290028934011|33041260062003|01012018|
1711290028935011|33041260065290|01012018|
1711290028937011|33041260065967|01012018|
1711290028939011|33041260078007|01012018|
1711280028940011|79379491006629|01012018|
1711300028938011|05300340000828|01012018|
1711290028941011|33041260079160|01012018|
1711290028942011|33041260079240|01012018|
1711280028943011|79379491006700|01012018|
1711290028944011|33041260079402|01012018|
1711290028945011|33041260079917|01012018|
1711280028946011|79379491006971|01012018|
1711290028947011|33041260080257|01012018|
1711290028948011|33041260080338|01012018|
1711280028949011|79379491007439|01012018|
1711290028950011|33041260080419|01012018|
1711290028951011|33041260080842|01012018|
1711280028952011|79379491007510|01012018|
1711290028954011|33041260081300|01012018|
1711300028953011|33062464000505|01012018|
1711290028955011|33041260082039|01012018|
1711290028956011|33041260082624|01012018|
1711290028957011|33041260083000|01012018|
1711290028959011|33041260083787|01012018|
1711290028960011|33041260084406|01012018|
1711290028961011|33041260085054|01012018|
1711280028962011|79379491009059|01012018|
1711290028963011|33041260085216|01012018|
1711290028964011|33041260085488|01012018|
1711280028965011|79379491009210|01012018|
1711290028966011|33041260085569|01012018|
1711290028967011|33041260086964|01012018|
1711290028968011|33041260157225|01012018|
1711280028969011|79379491009997|01012018|
1711290028970011|33041260088070|01012018|
1711290028971011|33041260088150|01012018|
1711290028972011|33041260088746|01012018|
1711290028973011|33041260088908|01012018|
1711290028974011|33041260089718|01012018|
1711290028975011|33041260092263|01012018|
1711290028976011|33041260093154|01012018|
1711290028977011|33041260094711|01012018|
1711290028978011|33041260094479|01012018|
1711290028979011|33041260095017|01012018|
1711290028980011|33041260095360|01012018|
1711290028981011|33041260095602|01012018|
1711290028982011|33041260096846|01012018|
1711290028983011|33041260097656|01012018|
1711290028984011|33041260098628|01012018|
1711290028985011|33041260099195|01012018|
1711290028986011|33041260100622|01012018|
1711290028987011|33041260100703|01012018|
1711290028988011|33041260102676|01012018|
1711290028989011|33041260105934|01012018|
1711290028990011|33041260106744|01012018|
1711290028991011|33041260107716|01012018|
1711290028992011|33041260108607|01012018|
1711290028993011|33041260109689|01012018|
1711290028994011|33041260110008|01012018|
1711290028995011|33041260110938|01012018|
1711290028996011|33041260111314|01012018|
1711290028997011|33041260113104|01012018|
1711290028998011|33041260116979|01012018|
1711290028999011|33041260117002|01012018|
1711290029000011|33041260119560|01012018|
1711290029001011|33041260122197|01012018|
1711290029002011|33041260125374|01012018|
1711290029003011|33041260125536|01012018|
1711290029004011|33041260125889|01012018|
1711290029005011|33041260126265|01012018|
1711290029006011|33041260127822|01012018|
1711290029007011|33041260140098|01012018|
1711290029008011|33041260155524|01012018|
1711290029009011|33041260117193|01012018|
1711290029010011|33041260128632|01012018|
1711300029011011|67313221004773|01012018|
1711290029012011|33041260130025|01012018|
1711290029013011|33041260130530|01012018|
1711290029014011|33041260133555|01012018|
1711290029015011|33041260134284|01012018|
1711290029016011|33041260135680|01012018|
1711290029017011|33041260142627|01012018|
1711290029018011|33041260142970|01012018|
1711290029019011|33041260146371|01012018|
1711300029020011|67313221002800|01012018|
1711290029021011|33041260146533|01012018|
1711300029022011|67313221004692|01012018|
1711300029023011|67313221007799|01012018|
1711300029024011|67313221006393|01012018|
1711300029025011|67313221007365|01012018|
1711290029026011|67313221008094|01012018|
1711300029027011|67313221006806|01012018|
1711300029028011|67313221007101|01012018|
1711300029029011|67313221007870|01012018|
1711300029030011|67313221005311|01012018|
1711270029031011|78640497000108|01012018|
1711270029032011|78640497000280|01012018|
1711300029033011|05808792000149|01012018|
1711300029034011|05808792001110|01012018|
1711300029035011|05808792002869|01012018|
1711270029036011|00428307000198|01012018|
1711290026608021|05808792006503|01012018|
1711300029037011|05808792006694|01012018|
1711300029038011|05808792008719|01012018|
1711300029039011|05808792012740|01012018|
1711290029040011|00428307000279|01012018|
1711280026004021|38733648002789|01012018|
1711300029041011|38733648003831|01012018|
1711290029042011|56228356003238|01012018|
1711290029043011|56228356004048|01012018|
1711300029044011|38733648005028|01012018|
1711290029045011|56228356004552|01012018|
1711290029046011|56228356005877|01012018|
1711290029047011|56228356007306|01012018|
1711290028170021|73939449000193|01012018|
1711290029048011|56228356008388|01012018|
1711290029049011|56228356010013|01012018|
1711290029050011|56228356010285|01012018|
1711290029051011|56228356010447|01012018|
1711300029052011|07794623001102|01012018|
1711300029054011|73939449000940|01012018|
1711290029053011|56228356011095|01012018|
1711290029055011|56228356014272|01012018|
1711300029057011|07794623001951|01012018|
1711290029058011|03134910000236|01012018|
1711300029060011|07794623002923|01012018|
1711300029061011|73939449001408|01012018|
1711300029062011|07794623004039|01012018|
1711300029063011|14793478001445|01012018|
1711290029064011|00428307000350|01012018|
1711300029065011|14793478001526|01012018|
1711290026610021|33005265000131|01012018|
1711300029066011|33005265000565|01012018|
1711090029067011|05978165000156|01012018|
1711300029068011|33005265000212|01012018|
1711300029069011|29435005002687|01012018|
1711150029070011|21551379000106|01012018|
1711300029071011|29435005003497|01012018|
1711300029059021|14793478001283|01012018|
1711070029072011|19056055000141|01012018|
1711300029056021|14793478000554|01012018|
1711300029073011|29435005004540|01012018|
1711290029075011|90312133000196|01012018|
1711300029074021|04492733000141|01012018|
1711300029076011|29435005004620|01012018|
1711300029078011|29435005005198|01012018|
1711300029079011|45242914016010|01012018|
1711060029077011|10859014000119|01012018|
1711300029080011|29435005005279|01012018|
1711130029081011|00242640000612|01012018|
1711300029082011|45242914016362|01012018|
1711300029083011|29435005005350|01012018|
1711060029084011|10853830000115|01012018|
1711300029085011|29435005005600|01012018|
1711300029086011|02959800000160|01012018|
1711290027149021|02145908000119|01012018|
1711300029087011|29435005005783|01012018|
1711300029089011|45242914016958|01012018|
1711010029090011|57634677000107|01012018|
1711060029088011|85386381000141|01012018|
1711290027246021|76812379000104|01012018|
1711300029091011|03062543000121|01012018|
1711300029093011|29435005006160|01012018|
1711060029092011|05014452000146|01012018|
1711270029095011|19992962000100|01012018|
1711300029096011|45242914017091|01012018|
1711300029097011|29435005007212|01012018|
1711160024051091|08402943001477|01012018|
1711060029098011|11017341000196|01012018|
1711200029099011|28039121000166|01012018|
1711300029100011|29435005007484|01012018|
1711270029102011|21204414000102|01012018|
1711300029104011|45242914017253|01012018|
1711060029101011|10852997000161|01012018|
1711300029105011|29435005008022|01012018|
1711290029103011|00428307000511|01012018|
1711290028715021|23637697006738|01012018|
1711280029106011|10970887003209|01012018|
1711270029107011|02558157000162|01012018|
1711300029108011|45242914017415|01012018|
1711280029109011|10970887003381|01012018|
1711300029110011|57634677000280|01012018|
1711280029111011|10970887003705|01012018|
1711280029112011|10970887004191|01012018|
1711280029113011|10970887004272|01012018|
1711280029114011|10970887004434|01012018|
1711280029115011|10970887004515|01012018|
1711290029116011|02558157001720|01012018|
1711300029117011|39086160000130|01012018|
1711280029118011|10970887005082|01012018|
1711280029119011|10970887005244|01012018|
1711280029120011|10970887005325|01012018|
1711300029121011|06767974000181|01012018|
1711280029122011|10970887005759|01012018|
1711070023574021|81048837000102|01012018|
1711300029123011|18886577000108|01012018|
1711290029125011|02875301000194|01012018|
1711270029126011|02558157002459|01012018|
1711280029127011|10970887005830|01012018|
1711280029128011|10970887005910|01012018|
1711290029124011|00428307000600|01012018|
1711280029129011|10970887006135|01012018|
1711270029130011|02558157002610|01012018|
1711280029131011|10970887006305|01012018|
1711290029132011|07939296000150|01012018|
1711280029133011|10970887009401|01012018|
1711280029134011|10970887008260|01012018|
1711280029135011|10970887007964|01012018|
1711290029136011|02558157007337|01012018|
1711280029137011|10970887007700|01012018|
1711280029139011|10970887007379|01012018|
1711060029138011|11123628000109|01012018|
1711010029140011|45301264000113|01012018|
1711250025209031|07073027000153|01012018|
1711290029141011|02558157007922|01012018|
1711290029142011|02558157008902|01012018|
1711300029143011|34058123000103|01012018|
1711270029144011|02558157017642|01012018|
1711290029145011|00428307000783|01012018|
1711270029146011|12927343000185|01012018|
1711300029147011|39488093000695|01012018|
1711300029148011|01851716000165|01012018|
1711300029149011|02558157026129|01012018|
1711300029150011|01851716001722|01012018|
1711290029151011|89822530000129|01012018|
1711270025478021|05913862000129|01012018|
1711290029152011|90312133000439|01012018|
1711300029153011|45242914018659|01012018|
1711300029154011|51722957000506|01012018|
1711290029155011|90312133000781|01012018|
1711300029156011|60409075000667|01012018|
1711300029157011|62695036003703|01012018|
1711300029159011|51722957001669|01012018|
1711290029160011|90312133001087|01012018|
1711290029158011|00428307000864|01012018|
1711300029161011|51722957010226|01012018|
1711070029162011|71586952000187|01012018|
1711290029163011|90312133001168|01012018|
1711300029164011|60409075001558|01012018|
1711300029165011|01599436000101|01012018|
1711300029166011|45242914019388|01012018|
1711290029167011|90312133001320|01012018|
1711270029168011|49930514165649|01012018|
1711270029169011|49930514060464|01012018|
1711290029171011|90312133001400|01012018|
1711070029172011|45931904000179|01012018|
1711270029170011|02070626000108|01012018|
1711300029174011|60409075002953|01012018|
1711270029173011|49930514060545|01012018|
1711300029175011|45242914019540|01012018|
1711270029176011|49930514163514|01012018|
1711300029178011|51722957012512|01012018|
1711270029179011|49930514161651|01012018|
1711270029180011|49930514066667|01012018|
1711270029177011|05416618000150|01012018|
1711270029181011|08160936000191|01012018|
1711270029182011|49930514159401|01012018|
1711300029184011|60409075006002|01012018|
1711100029185011|61088894002402|01012018|
1711300029186011|51722957013160|01012018|
1711270029187011|49930514066748|01012018|
1711270029188011|49930514155929|01012018|
1711300029189011|06013760000110|01012018|
1711270029183011|05416618000401|01012018|
1711270029190011|05416618000584|01012018|
1711270029193011|49930514068015|01012018|
1711270029194011|49930514155848|01012018|
1711300029191011|62695036004858|01012018|
1711300029195011|60409075007831|01012018|
1711270029192011|05416618000665|01012018|
1711300029196011|45242914019892|01012018|
1711270029198011|49930514068872|01012018|
1711300029199011|51722957014302|01012018|
1711270029197011|05416618000746|01012018|
1711300029200011|51722957014728|01012018|
1711270029203011|49930514155767|01012018|
1711270029202011|49930514000135|01012018|
1711300029204011|60409075010034|01012018|
1711300029206011|45242914020556|01012018|
1711270029207011|49930514072209|01012018|
1711270029205011|49930514000488|01012018|
1711300029208011|44269579000168|01012018|
1711270029209011|49930514151427|01012018|
1711270029210011|49930514000801|01012018|
1711270029211011|49930514074767|01012018|
1711300029213011|60409075010204|01012018|
1711270029214011|49930514145702|01012018|
1711300029215011|44269579000320|01012018|
1711290029212011|00428307001160|01012018|
1711270029217011|49930514076115|01012018|
1711270029218011|49930514144560|01012018|
1711300029219011|44269579000591|01012018|
1711270029216011|49930514002693|01012018|
1711010029220011|01586633000196|01012018|
1711270029222011|49930514079726|01012018|
1711270029223011|49930514144218|01012018|
1711270029224011|49930514005790|01012018|
1711270029226011|49930514142436|01012018|
1711270029227011|49930514084215|01012018|
1711200027466021|60746948016973|01012018|
1711270029228011|49930514025472|01012018|
1711300029225011|75528208000187|01012018|
1711270029229011|49930514142355|01012018|
1711300029230011|60409075010700|01012018|
1711270029231011|49930514090703|01012018|
1711270029235011|49930514142274|01012018|
1711270029232011|49930514027173|01012018|
1711300029233011|75528208000691|01012018|
1711290029234011|00428307001240|01012018|
1711270029237011|49930514096655|01012018|
1711270029238011|49930514141200|01012018|
1711270029236011|49930514027335|01012018|
1711270029239011|49930514097546|01012018|
1711270029240011|49930514141111|01012018|
1711300029242011|73728883000124|01012018|
1711270029243011|49930514140573|01012018|
1711290029244011|16941524000117|01012018|
1711270029241011|49930514028145|01012018|
1711170029245011|60329174000124|01012018|
1711270029247011|49930514100431|01012018|
1711270029248011|49930514140069|01012018|
1711300029249011|45242914021285|01012018|
1711270029246011|49930514031448|01012018|
1711290029250011|02373383000250|01012018|
1711200026809031|60746948028475|01012018|
1711270029252011|02558157029225|01012018|
1711270029253011|49930514100784|01012018|
1711270029254011|49930514139800|01012018|
1711270029251011|49930514034382|01012018|
1711270029255011|49930514035435|01012018|
1711270029256011|49930514139133|01012018|
1711270029257011|49930514101918|01012018|
1711300029258011|08945525000292|01012018|
1711300029259011|01870826000174|01012018|
1711290029260011|02558157033508|01012018|
1711270029261011|49930514139052|01012018|
1711300029262011|60409075011197|01012018|
1711270029264011|49930514104186|01012018|
1711270029265011|49930514137866|01012018|
1711200027481021|60746948046880|01012018|
1711270029263011|49930514036407|01012018|
1711300029266011|02762121000953|01012018|
1711270029268011|49930514136207|01012018|
1711270029269011|49930514105662|01012018|
1711300029270011|60409075011430|01012018|
1711270029271011|49930514136118|01012018|
1711270029267011|49930514040005|01012018|
1711270029273011|49930514106120|01012018|
1711270029274011|49930514135308|01012018|
1711270029272011|49930514040358|01012018|
1711270029275011|49930514135065|01012018|
1711270029276011|49930514109226|01012018|
1711270029278011|49930514109498|01012018|
1711270029277011|49930514042806|01012018|
1711270029279011|49930514132716|01012018|
1711300029280011|45242914022761|01012018|
1711010029281011|50583954000142|01012018|
1711270029282011|49930514113924|01012018|
1711270029284011|49930514130500|01012018|
1711270029285011|02558157035209|01012018|
1711270029286011|49930514129766|01012018|
1711270029283011|49930514046712|01012018|
1711270029288011|49930514117407|01012018|
1711270029289011|49930514127127|01012018|
1711270029287011|49930514052011|01012018|
1711290029292011|02558157035381|01012018|
1711270029293011|49930514120386|01012018|
1711300029295011|86375656000104|01012018|
1711290029290011|50564053000880|01012018|
1711270029291011|49930514054146|01012018|
1711300029294011|52645009001125|01012018|
1711270029297011|49930514121358|01012018|
1711270029298011|49930514055541|01012018|
1711300029296011|52645009001206|01012018|
1711270029299011|02558157038135|01012018|
1711270029300011|49930514123563|01012018|
1711300029301011|60409075012088|01012018|
1711270029302011|49930514123644|01012018|
1711300029304011|25566035000113|01012018|
1711060029305011|03130750000257|01012018|
1711270029303011|49930514055703|01012018|
1711270029306011|49930514126317|01012018|
1711280029308011|08563347000154|01012018|
1711270029307011|49930514059296|01012018|
1711250028121021|42591651025308|01012018|
1711300029310011|60409075012835|01012018|
1711270029309011|49930514060200|01012018|
1711240029311011|03130750000338|01012018|
1711300029312011|45242914024110|01012018|
1711300029313011|85070068000280|01012018|
1711300029314011|90314758000197|01012018|
1711300029315011|77816247000105|01012018|
1711300029317011|60409075013483|01012018|
1711290029318011|02558157039530|01012018|
1711220029319011|47959697000196|01012018|
1711300029316011|90285958000169|01012018|
1711300029320011|35029057000602|01012018|
1711300029321011|47985577000163|01012018|
1711300029322011|60409075014617|01012018|
1711300029323011|22544134000106|01012018|
1711290029324011|89716583000165|01012018|
1711290029325011|02558157041780|01012018|
1711300029326011|03359885000108|01012018|
1711200029327011|47080619001199|01012018|
1711300029328011|04714248000175|01012018|
1711300029329011|07277010000118|01012018|
1711290029330011|02558157049412|01012018|
1711300029332011|11031202000117|01012018|
1711280027461031|60860087000107|01012018|
1711300029333011|45242914024624|01012018|
1711290029334011|02558157054173|01012018|
1711220029335011|47959697000358|01012018|
1711230029336011|59104422000150|01012018|
1711300029338011|40432544004487|01012018|
1711210029339011|46242004000268|01012018|
1711290029340011|02558157054254|01012018|
1711300029337021|00009062000164|01012018|
1711260029342011|47959697000781|01012018|
1711300029343011|40432544006269|01012018|
1711290029344011|62691043000622|01012018|
1711220029345011|47959697000862|01012018|
1711300029347011|40432544008121|01012018|
1711300029341021|00973749000115|01012018|
1711300029348011|62691043001947|01012018|
1711300029349011|40432544008989|01012018|
1711070029350011|15120066000516|01012018|
1711300029351011|45242914026082|01012018|
1711220029352011|47959697001320|01012018|
1711230029353011|59104422004147|01012018|
1711200027427021|60746948055952|01012018|
1711300029354011|40432544009446|01012018|
1711300029331021|40432544000147|01012018|
1711220029355011|47959697001400|01012018|
1711300029356011|60860087015040|01012018|
1711290029357011|59104422004651|01012018|
1711300029358011|45242914026406|01012018|
1711300029359011|60860087015392|01012018|
1711290029360011|11596442001050|01012018|
1711220029362011|47959697001753|01012018|
1711280029364011|01371416000189|01012018|
1711300029365011|60860087015635|01012018|
1711290029366011|59104422009882|01012018|
1711300029367011|13344030000167|01012018|
1711290029363011|50937564000638|01012018|
1711300029368011|60860087015988|01012018|
1711300029370011|14223378000240|01012018|
1711230029371011|59104422010384|01012018|
1711300029372011|60860087016100|01012018|
1711300029373011|40432544010100|01012018|
1711270025901021|04054907000194|01012018|
1711300029374011|60860087016364|01012018|
1711270029376011|60409075014889|01012018|
1711290029377011|11596442001807|01012018|
1711060029378011|03889255000226|01012018|
1711300029380011|50290329004876|01012018|
1711290029379011|50937564000123|01012018|
1711080029381011|01062529000100|01012018|
1711290029382011|75609123004978|01012018|
1711200028109021|60746948107774|01012018|
1711270029383011|01466091001432|01012018|
1711300029384011|85070068002577|01012018|
1711220029386011|47959697002725|01012018|
1711210029375021|04547098000152|01012018|
1711300029387011|78663945000180|01012018|
1711300029388011|50290329008006|01012018|
1711300029385021|40432544010290|01012018|
1711300029389011|60409075015346|01012018|
1711300029390011|50290329007387|01012018|
1711300029391011|40432544010371|01012018|
1711300029392011|04794681000168|01012018|
1711290029393011|11596442002960|01012018|
1711300029394011|50290329000960|01012018|
1711300029395011|85070068003204|01012018|
1711200028126031|60746948120010|01012018|
1711270029396011|47959697002644|01012018|
1711300029397011|06698248000154|01012018|
1711290029398011|01836843000276|01012018|
1711300029400011|60409075030574|01012018|
1711200028136021|60746948182555|01012018|
1711300029402011|75609123006750|01012018|
1711300029403011|40432544014288|01012018|
1711170029401011|32485369000128|01012018|
1711300029404011|60409075031627|01012018|
1711270029405011|47959697003020|01012018|
1711290029407011|11596442003427|01012018|
1711300029409011|40432544015250|01012018|
1711290029410011|02558157034148|01012018|
1711300029406011|18920557000106|01012018|
1711240029411011|20605424000197|01012018|
1711300029412011|40432544015411|01012018|
1711300029413011|05454403000124|01012018|
1711300029414011|60409075043633|01012018|
1711200028145021|60746948197234|01012018|
1711300029415011|18938887000129|01012018|
1711300029416011|75829507000151|01012018|
1711300029417011|75609123007217|01012018|
1711290029418011|11596442003508|01012018|
1711300029420011|60409075044605|01012018|
1711300029421011|40432544020253|01012018|
1711300029422011|01192333000203|01012018|
1711290029423011|04014081000130|01012018|
1711300029424011|95211629000197|01012018|
1711300029425011|40432544022540|01012018|
1711280026277021|03636036000154|01012018|
1711300029426011|85070068003387|01012018|
1711300029428011|01192333000980|01012018|
1711300029094021|02558157046740|01012018|
1711290029427011|04014081000210|01012018|
1711300029430011|62092754000176|01012018|
1711300029431011|40432544023350|01012018|
1711270028701021|10934008000189|01012018|
1711300029435011|62092754000842|01012018|
1711300029436011|85070068003549|01012018|
1711270029369031|47959697002563|01012018|
1711290029434021|04014081000563|01012018|
1711300029438011|09285874000107|01012018|
1711300029440011|29506474003964|01012018|
1711030029441011|49372576000179|01012018|
1711200029442011|10013974000163|01012018|
1711100023720031|16624611009873|01012018|
1711290029439011|04014081000806|01012018|
1711300029444011|85070068003700|01012018|
1711290029443011|04014081001373|01012018|
1711300029447011|00676486000182|01012018|
1711060029446011|61064911000177|01012018|
1711300029449011|91088328000167|01012018|
1711100023714041|16624611001899|01012018|
1711300029450011|85070068001171|01012018|
1711300029451011|01192333001366|01012018|
1711300029453011|92232081000505|01012018|
1711290029452011|05423963000979|01012018|
1711100023724031|16624611025305|01012018|
1711100023711031|16624611000140|01012018|
1711060029454011|61064911001904|01012018|
1711300029456011|92232081000173|01012018|
1711300029457011|01974675000102|01012018|
1711100023712041|16624611000493|01012018|
1711290029455011|05423963002670|01012018|
1711100023713031|16624611001031|01012018|
1711300029460011|07414643000120|01012018|
1711290029462011|81672099000170|01012018|
1711100023715031|16624611002607|01012018|
1711300029464011|87834883000113|01012018|
1711060029465011|82638644000174|01012018|
1711290029461011|05423963015224|01012018|
1711300029463011|04838649000307|01012018|
1711100023717031|16624611009288|01012018|
1711290029466011|05423963025700|01012018|
1711220027298021|54625819002893|01012018|
1711100023722031|16624611011002|01012018|
1711290029467011|60860087001251|01012018|
1711300029468011|89720817000148|01012018|
1711300029469011|88887021000111|01012018|
1711100023723031|16624611012238|01012018|
1711290029470011|75284224000171|01012018|
1711300029471011|60860087019975|01012018|
1711100023725031|16624611031968|01012018|
1711300029473011|18229784000432|01012018|
1711100023726021|16624611034398|01012018|
1711290029472011|07953678004397|01012018|
1711290027532031|54625819002621|01012018|
1711100023727031|16624611035360|01012018|
1711290029474011|07953678006098|01012018|
1711270029475011|02180624000163|01012018|
1711290029476011|07953678012900|01012018|
1711290029479011|11596442003699|01012018|
1711300029480011|04683393000136|01012018|
1711300029477011|03886643000172|01012018|
1711290029478011|07953678033656|01012018|
1711290029481011|08596854000194|01012018|
1711290029482011|08596854000437|01012018|
1711290026685021|03777341003777|01012018|
1711290029483011|08596854000518|01012018|
1711290029485011|11596442004237|01012018|
1711270029486011|01848003000142|01012018|
1711290029484011|08596854000780|01012018|
1711290029488011|08596854002561|01012018|
1711300029489011|00894851000125|01012018|
1711290029487011|08596854001166|01012018|
1711290029491011|11596442004741|01012018|
1711290029490011|69699742000153|01012018|
1711290026695021|03777341004668|01012018|
1711290029492011|69699742000404|01012018|
1711300029494011|40432544023945|01012018|
1711290029493011|69699742000587|01012018|
1711300029496011|60860087017093|01012018|
1711290029495011|69699742000668|01012018|
1711300029500011|78958717000308|01012018|
1711290029497011|69699742000820|01012018|
1711290029502011|11596442005470|01012018|
1711290027663021|03777341006954|01012018|
1711290029498011|92807254000134|01012018|
1711290029499011|58069360001444|01012018|
1711300029503011|40432544026537|01012018|
1711290029501011|69699742001044|01012018|
1711300029504011|29506474001678|01012018|
1711290029505011|69699742001125|01012018|
1711290027548021|17214149000176|01012018|
1711290029506011|69699742001206|01012018|
1711300029507011|11596442005713|01012018|
1711300029508011|40432544027347|01012018|
1711280029509011|13892216000231|01012018|
1711290029510011|02529577000110|01012018|
1711300029511011|40432544028157|01012018|
1711300029513011|40432544032189|01012018|
1711290029512011|69699742002369|01012018|
1711280029515011|13928488000163|01012018|
1711290029514011|69699742002105|01012018|
1711300029516011|40432544032936|01012018|
1711300029517011|75315333011143|01012018|
1711290029518011|00500618000110|01012018|
1711300029520011|40432544039434|01012018|
1711220029519011|01115200000152|01012018|
1711290028357021|07514434000310|01012018|
1711290029522011|11596442006019|01012018|
1711280028649021|74235979000113|01012018|
1711300029524011|40432544040289|01012018|
1711290029523011|69699742001982|01012018|
1711300029525011|01930685000138|01012018|
1711290029526011|69699742001630|01012018|
1711030029527011|47080619003302|01012018|
1711290029528011|07005330000119|01012018|
1711290029529011|15667971000167|01012018|
1711290029530011|33000118014714|01012018|
1711300029532011|94479532000105|01012018|
1711300029533011|40432544047704|01012018|
1711300029536011|12353134000175|01012018|
1711290029534011|33000118000500|01012018|
1711290029537011|14833664000146|01012018|
1711290029535011|33000118000926|01012018|
1711290029538011|33000118001060|01012018|
1711290029539011|33000118001493|01012018|
1711300029540011|40432544054077|01012018|
1711300029542011|40432544054662|01012018|
1711300029543011|02460988000105|01012018|
1711290027830021|75315333011305|01012018|
1711290029544011|07689513000109|01012018|
1711300029547011|40432544055804|01012018|
1711300029548011|73939449001327|01012018|
1711290029549011|15890809000960|01012018|
1711300029551011|60509239000113|01012018|
1711300029553011|02914460015425|01012018|
1711300029552011|75315333011577|01012018|
1711300029555011|40432544056959|01012018|
1711170026619041|75315333003124|01012018|
1711290029554011|76535764000224|01012018|
1711290029556011|76535764032428|01012018|
1711280029559011|17262213021604|01012018|
1711290029561011|76535764032851|01012018|
1711300029557011|10472968000255|01012018|
1711290029558011|76535764032690|01012018|
1711300029562011|40432544057688|01012018|
1711300029564011|78958717003404|01012018|
1711300029565011|11596442004660|01012018|
1711130029567011|68528017000150|01012018|
1711300029569011|23314594000100|01012018|
1711240028789021|17262213024379|01012018|
1711290029563011|76535764032932|01012018|
1711290028160031|75315333011739|01012018|
1711300029566011|10472968000506|01012018|
1711300029570011|02914460016073|01012018|
1711290029568011|76535764033238|01012018|
1711300029571011|40432544058064|01012018|
1711270029419021|17262213008179|01012018|
1711300029574011|02914460018360|01012018|
1711300029575011|40432544058226|01012018|
1711060029572011|82949652000131|01012018|
1711300029573011|10472968000921|01012018|
1711290029576011|10900461000174|01012018|
1711300029577011|75315333011810|01012018|
1711300029578011|10472968001227|01012018|
1711300029579011|40432544058579|01012018|
1711300029581011|02914460018440|01012018|
1711300029582011|78958717003587|01012018|
1711300029584011|40432544058900|01012018|
1711300029583011|02916265021086|01012018|
1711300029585011|02916265021914|01012018|
1711300029586011|02916265021752|01012018|
1711300029432021|78958717000219|01012018|
1711290028063031|75315333012034|01012018|
1711300029587011|02916265021400|01012018|
1711290028156051|75315333003205|01012018|
1711300029588011|02914460018602|01012018|
1711290029590011|03636036000316|01012018|
1711300029521021|78958717001371|01012018|
1711300029589011|02916265020780|01012018|
1711290027787031|75315333012115|01012018|
1711300029592011|02914460018874|01012018|
1711300029591011|02916265020357|01012018|
1711280029593011|13721708000183|01012018|
1711300029545021|78958717001614|01012018|
1711300029594011|02914460019170|01012018|
1711300029595011|02916265020276|01012018|
1711300029596011|02916265020004|01012018|
1711300029598011|42278796005077|01012018|
1711300029597011|02916265019693|01012018|
1711300029600011|02914460019412|01012018|
1711300029599011|01109184000519|01012018|
1711300029603011|23314594002405|01012018|
1711300029601011|75315333012204|01012018|
1711300029602011|02916265019340|01012018|
1711300029604011|78575511000129|01012018|
1711300029606011|02914460019846|01012018|
1711300029605011|02916265019189|01012018|
1711300029608011|02916265018964|01012018|
1711230029609011|00360305260793|01012018|
1711300029611011|02914460020267|01012018|
1711300029612011|03818379000725|01012018|
1711300029610011|02916265018530|01012018|
1711300029613011|42278796000199|01012018|
1711300029614011|40432544059974|01012018|
1711300029615011|74552068001272|01012018|
1711300029617011|02914460020500|01012018|
1711300029618011|03812746000198|01012018|
1711300029616011|02916265018450|01012018|
1711300029619011|60394723002945|01012018|
1711300029620011|02916265004661|01012018|
1711300029622011|02914460020771|01012018|
1711300029623011|74552068001434|01012018|
1711300029621011|02916265018379|01012018|
1711300029626011|02914460020852|01012018|
1711300029624011|08199996002838|01012018|
1711130029627011|03479456000174|01012018|
1711300029625011|02916265018298|01012018|
1711300029628011|08199996004024|01012018|
1711300029630011|01192333001528|01012018|
1711300029629011|02916265018026|01012018|
1711300029632011|72733330000105|01012018|
1711300029633011|10791861000199|01012018|
1711280029634011|12291924000173|01012018|
1711300029635011|02914460021409|01012018|
1711300029637011|60637667000121|01012018|
1711300029638011|45242914027720|01012018|
1711300029636011|02916265017801|01012018|
1711290028058021|75315333012468|01012018|
1711300029639011|76487222000142|01012018|
1711300029641011|02914460021662|01012018|
1711300029640011|02916265017720|01012018|
1711300029643011|02916265005200|01012018|
1711300029644011|45242914027992|01012018|
1711300029642011|08199996004458|01012018|
1711300029646011|42278796000270|01012018|
1711300029647011|02916265006362|01012018|
1711300029645011|02916265017640|01012018|
1711050026050101|75315333000109|01012018|
1711300029648011|02914460021824|01012018|
1711300029649011|02916265017305|01012018|
1711300029651011|83187930001448|01012018|
1711300029652011|05321210000103|01012018|
1711300029653011|45242914028107|01012018|
1711300029654011|02914460021905|01012018|
1711300029650011|02916265016910|01012018|
1711280029655011|01192333000122|01012018|
1711290029658011|03210810000160|01012018|
1711300029659011|40432544060042|01012018|
1711300029656011|02916265016597|01012018|
1711300029657011|02916265016325|01012018|
1711300029660011|02914460022120|01012018|
1711300029662011|02916265006605|01012018|
1711300029661011|02916265015353|01012018|
1711300029663011|08199996004610|01012018|
1711300029667011|02914460022200|01012018|
1711300029664011|02916265015000|01012018|
1711300029671011|58700428000127|01012018|
1711090026056081|75315333000290|01012018|
1711300029668011|11283356000287|01012018|
1711300029669011|02916265014110|01012018|
1711300029670011|08199996005349|01012018|
1711030028674021|17027806000176|01012018|
1711290029672011|03634220000165|01012018|
1711300029673011|02914460022804|01012018|
1711300029674011|61231478000206|01012018|
1711300029676011|71304687002817|01012018|
1711300029678011|03384298000764|01012018|
1711290029679011|50891555000149|01012018|
1711300029675011|02916265014039|01012018|
1711300029682011|45441789000154|01012018|
1711300029683011|08684547002613|01012018|
1711300029684011|47488531000139|01012018|
1711300029685011|45242914028379|01012018|
1711300029686011|07571746000951|01012018|
1711300029680011|08199996005420|01012018|
1711300029681011|08070566001173|01012018|
1711300029687011|71304687000105|01012018|
1711300029677021|42278796005409|01012018|
1711300029688011|08684547000165|01012018|
1711170026098031|75315333000370|01012018|
1711300029690011|71304687001845|01012018|
1711290029691011|02906820000172|01012018|
1711290029692011|05066625000501|01012018|
1711300029689011|08199996005500|01012018|
1711290027883021|75315333000451|01012018|
1711300029694011|45242914028883|01012018|
1711300029693011|04670765000190|01012018|
1711300029696011|95426862000197|01012018|
1711300029695011|08199996005691|01012018|
1711290027761031|75315333000613|01012018|
1711300029697011|74101569000180|01012018|
1711300029698011|08199996005772|01012018|
1711300029699011|45242914028964|01012018|
1711300029700011|40432544061014|01012018|
1711290029701011|05066625000170|01012018|
1711300029703021|74101569000341|01012018|
1711300029702011|09084219001677|01012018|
1711300029705011|02916265013903|01012018|
1711300029707011|45242914029502|01012018|
1711300029708011|02916265006796|01012018|
1711300029706011|03889255000145|01012018|
1711300029710011|74101569001070|01012018|
1711300029711011|76506302001170|01012018|
1711060029712011|87644969000183|01012018|
1711300029713011|85787737000159|01012018|
1711300029714011|45242914029855|01012018|
1711300029715011|02083833000199|01012018|
1711300029709011|02916265013814|01012018|
1711300029717011|57940546000220|01012018|
1711300029607021|40432544059540|01012018|
1711300029716011|02916265013733|01012018|
1711300029719011|01082569000106|01012018|
1711300029718011|83044016000123|01012018|
1711300029720011|74101569001909|01012018|
1711300029721011|02905424000120|01012018|
1711300029723011|74101569002204|01012018|
1711300029725011|02916265006877|01012018|
1711290029726011|01094488000126|01012018|
1711300029728011|74101569002808|01012018|
1711300029722011|02916265013652|01012018|
1711300029727011|02916265013229|01012018|
1711300029730011|40432544061529|01012018|
1711300029729011|83044016000395|01012018|
1711290026983021|75315333012549|01012018|
1711300029732011|40432544063149|01012018|
1711140029733011|17370354000120|01012018|
1711280029735011|79038097001587|01012018|
1711300029731011|02916265012923|01012018|
1711300029445021|16701716004062|01012018|
1711300029734011|05017780000287|01012018|
1711300029736011|40432544064110|01012018|
1711160026314021|48041735003881|01012018|
1711300029738011|03229363000191|01012018|
1711300029739011|02905424006676|01012018|
1711300029740011|02916265007091|01012018|
1711300029741011|77377257000191|01012018|
1711300029737011|02916265012508|01012018|
1711300029742011|76743764000139|01012018|
1711300029743011|40432544064463|01012018|
1711300029745011|02709449001473|01012018|
1711300029746011|61064838008975|01012018|
1711300029744011|83044016000808|01012018|
1711300029748011|03229363000272|01012018|
1711300029749011|96216429002567|01012018|
1711300029747011|02916265011790|01012018|
1711270029750011|11818593000114|01012018|
1711300029751011|40432544064544|01012018|
1711300029752011|61064838009190|01012018|
1711170026135071|75315333000702|01012018|
1711300029755011|02709449006947|01012018|
1711300029756011|03229363000353|01012018|
1711300029753011|02916265011285|01012018|
1711300029757011|08684547002966|01012018|
1711300029754011|83044016000980|01012018|
1711300029758011|10491489000367|01012018|
1711300029759011|40432544064978|01012018|
1711290026633061|75315333003558|01012018|
1711300029760011|02916265007415|01012018|
1711300029761011|02709449001120|01012018|
1711300029724021|04275114000103|01012018|
1711300029765011|02916265000402|01012018|
1711300029762011|02916265011013|01012018|
1711290027841031|75315333000966|01012018|
1711300029763011|83044016001448|01012018|
1711300029767011|02709449002011|01012018|
1711300029768011|40432544065192|01012018|
1711300029766011|02916265010556|01012018|
1711300029770011|02916265007504|01012018|
1711300029771011|02916265000593|01012018|
1711300029769011|83044016001600|01012018|
1711300029772011|02916265010475|01012018|
1711300029773011|02709449006270|01012018|
1711300029774011|79038097001749|01012018|
1711270026182031|75315333001423|01012018|
1711300029775011|40432544066679|01012018|
1711290029778011|50707702000188|01012018|
1711290029776011|60678471000185|01012018|
1711270029780011|09863853000202|01012018|
1711300029781011|02916265000836|01012018|
1711300029777011|02916265010394|01012018|
1711300029782011|09248567000156|01012018|
1711300029779011|36966422000163|01012018|
1711300029784011|77998912000129|01012018|
1711300029785011|19565573000190|01012018|
1711300029783011|02916265009892|01012018|
1711070029786011|09863853000121|01012018|
1711300029787011|02916265001050|01012018|
1711300029789011|02916265007687|01012018|
1711210026381021|01473781000790|01012018|
1711300029788011|36966422000244|01012018|
1711300029794011|83719963000177|01012018|
1711300029790011|02916265009620|01012018|
1711300029791011|52605821000155|01012018|
1711300029795011|45242914031752|01012018|
1711290029792011|59104760000515|01012018|
1711290029793011|52823770000138|01012018|
1711300029796011|02916265001131|01012018|
1711290027890031|75315333001695|01012018|
1711300029797011|02916265009116|01012018|
1711210026389021|01473781000870|01012018|
1711290028336021|75315333012620|01012018|
1711300029798011|02916265009035|01012018|
1711300029800011|02916265001646|01012018|
1711300029799011|02914460000231|01012018|
1711300029801011|02916265007768|01012018|
1711300029802011|84683671000780|01012018|
1711300029803011|10788677000190|01012018|
1711130029805011|61142063000177|01012018|
1711270029806011|42234005000200|01012018|
1711300029807011|05042500000100|01012018|
1711290029808011|01417222000177|01012018|
1711300029804011|02916265008900|01012018|
1711290027803131|75315333003981|01012018|
1711090026613021|75315333001776|01012018|
1711300029809011|02916265002707|01012018|
1711290028536021|75315333006905|01012018|
1711300029811011|13009717004486|01012018|
1711300029812011|02914460000665|01012018|
1711300029813011|02916265008810|01012018|
1711300029814011|45242914032481|01012018|
1711300029815011|79038097002206|01012018|
1711290027893021|75315333002071|01012018|
1711300029817011|40432544067560|01012018|
1711300029818011|02916265002960|01012018|
1711300029816011|75315333012700|01012018|
1711300029821011|45242914032562|01012018|
1711300029819011|02916265008659|01012018|
1711290028286031|75315333004287|01012018|
1711200028334031|60746948209690|01012018|
1711300029822011|43423003000140|01012018|
1711300029824011|40432544068027|01012018|
1711300029825011|02916265003266|01012018|
1711300029826011|75315333009670|01012018|
1711220029531031|25183468000351|01012018|
1711300029823011|02916265008306|01012018|
1711290027857021|75315333002152|01012018|
1711300029828011|64545866000756|01012018|
1711300029829011|02916265007849|01012018|
1711170029834011|16100727000180|01012018|
1711200029835011|60746948253169|01012018|
1711300029837011|11859786000113|01012018|
1711300029832011|02916265008225|01012018|
1711300029833011|02914460001203|01012018|
1711290027875021|75315333002314|01012018|
1711300029839011|75315333010171|01012018|
1711300029840011|02916265003690|01012018|
1711290028193031|75315333012891|01012018|
1711300029830021|08491597000126|01012018|
1711300029838011|02914460000908|01012018|
1711300029836021|09098215000161|01012018|
1711300029560021|02916265004157|01012018|
1711300029842011|14599616000135|01012018|
1711300029843011|40432544068299|01012018|
1711210026397021|01473781000951|01012018|
1711300029844011|16513178002705|01012018|
1711290029845011|15890809001002|01012018|
1711200028006021|60746948305819|01012018|
1711300029846011|75315333010929|01012018|
1711300029841011|03773700009163|01012018|
1711300029847011|59225698000196|01012018|
1711300029631021|02916265004742|01012018|
1711290027951021|75315333002829|01012018|
1711080029827021|33479023000180|01012018|
1711300029849011|08285374000102|01012018|
1711210026404021|01473781001095|01012018|
1711290029458021|03853896000573|01012018|
1711300029848011|02914460001556|01012018|
1711300029850011|04171382000177|01012018|
1711300029851011|08491597000207|01012018|
1711300029852011|77863223000107|01012018|
1711200028158021|60746948307358|01012018|
1711010029399021|25183468000190|01012018|
1711290029853011|15890809000707|01012018|
1711280029854011|12132419000186|01012018|
1711300029856011|13097420000180|01012018|
1711270029857011|17167412007045|01012018|
1711300029858011|25631672000398|01012018|
1711130026655071|75315333004368|01012018|
1711210026411021|01473781001176|01012018|
1711300029855011|02914460001807|01012018|
1711300029861011|45242914034344|01012018|
1711200028182031|60746948307609|01012018|
1711300029859011|02914460002447|01012018|
1711290029863011|01417222000258|01012018|
1711300029860011|10711925000102|01012018|
1711300029866011|02914460013562|01012018|
1711300029862011|02914460003095|01012018|
1711290029864011|52823770000480|01012018|
1711210026428021|01473781001257|01012018|
1711300029868011|49648587000210|01012018|
1711140029869011|50418557000115|01012018|
1711300029870011|03773700006814|01012018|
1711300029871011|45242914034506|01012018|
1711300029867011|02914460001980|01012018|
1711200029872011|60746948361212|01012018|
1711300029874011|61142063000339|01012018|
1711300029875011|03497127000156|01012018|
1711300029876011|04586197000143|01012018|
1711300029877011|75092593000162|01012018|
1711300029878011|02914460013058|01012018|
1711300029879011|16513178001903|01012018|
1711300029880011|02914460002013|01012018|
1711300029873011|02914460003508|01012018|
1711300029881011|16701716003414|01012018|
1711300029882011|79038097006899|01012018|
1711200029883011|60746948362022|01012018|
1711300029884011|40432544070609|01012018|
1711300029886011|16513178002110|01012018|
1711300029887011|23998438000106|01012018|
1711300029888011|49882913000178|01012018|
1711290029889011|01417222000339|01012018|
1711290029890011|12933540000107|01012018|
1711300029885011|02914460003842|01012018|
1711300029891011|40432544071400|01012018|
1711300029892011|20243945000141|01012018|
1711300029893011|52771516006255|01012018|
1711200029894011|60746948374705|01012018|
1711300029895011|16513178003604|01012018|
1711300029896011|02914460012914|01012018|
1711300029897011|08199996000541|01012018|
1711300029898011|88203088000190|01012018|
1711300029899011|02914460004067|01012018|
1711300029902011|08619844000399|01012018|
1711300029900011|75315333013006|01012018|
1711300029903011|08199996001866|01012018|
1711300029901011|08199996000703|01012018|
1711300029904011|77863223000298|01012018|
1711270029906011|00808396000106|01012018|
1711300029908011|04656883000143|01012018|
1711300029909011|84683671000275|01012018|
1711300029910011|02914460010709|01012018|
1711200029912011|60746948379693|01012018|
1711300029905011|02914460004571|01012018|
1711300029429021|16701716003686|01012018|
1711300029907011|08199996002080|01012018|
1711300029911011|08199996002242|01012018|
1711300029916011|40432544071591|01012018|
1711300029918011|33479023002638|01012018|
1711300029914011|08199996002404|01012018|
1711300029915011|02914460004652|01012018|
1711300029919011|02914460008640|01012018|
1711300029917011|08199996002595|01012018|
1711170028561021|75315333013278|01012018|
1711290029920011|59104760000604|01012018|
1711210026443021|01473781001419|01012018|
1711300029921011|79038097004926|01012018|
1711300029922011|02914460006272|01012018|
1711300029924011|04656883000810|01012018|
1711290028827021|19792977000117|01012018|
1711300029704021|16701716000156|01012018|
1711300029923011|02914460005039|01012018|
1711080029925011|33479023000260|01012018|
1711290027687021|91802041052386|01012018|
1711290029926011|44593523000245|01012018|
1711300029927011|45242914034778|01012018|
1711030028898021|10851805000100|01012018|
1711300029929011|02914460007678|01012018|
1711290028381081|75315333004791|01012018|
1711300029930011|40432544072300|01012018|
1711300029928011|02914460006191|01012018|
1711210026451021|01473781001508|01012018|
1711270029932011|17167412007630|01012018|
1711300029933011|61105060000163|01012018|
1711290027872031|75315333004872|01012018|
1711300029934011|40432544073020|01012018|
1711290027837021|75315333013359|01012018|
1711290028470031|75315333004953|01012018|
1711300029936011|92016484000185|01012018|
1711300029938011|77863223000379|01012018|
1711300029937011|02914460007830|01012018|
1711290028265031|75315333011496|01012018|
1711300029941011|33479023002042|01012018|
1711300029942011|45242914034930|01012018|
1711300029939011|02914460013643|01012018|
1711300029764021|75315333005097|01012018|
1711300029943011|42591651111999|01012018|
1711300029944011|02914460019250|01012018|
1711290029945011|08906558000142|01012018|
1711300029940011|02914460013805|01012018|
1711290028545031|75315333012387|01012018|
1711300029946011|02914460021239|01012018|
1711300029947011|83424762000142|01012018|
1711300029949011|75587915000659|01012018|
1711300029950011|02914460025579|01012018|
1711300029952011|79038097002125|01012018|
1711300029954011|75587915002007|01012018|
1711300029948011|02916265003770|01012018|
1711300029956011|02916265023100|01012018|
1711300029951011|75315333013430|01012018|
1711300029957011|75587915006509|01012018|
1711300029953011|02916265023020|01012018|
1711300029810021|75315333005259|01012018|
1711300029959011|75587915010450|01012018|
1711130029960011|87134086000123|01012018|
1711300029958011|02916265023968|01012018|
1711270029961011|02693750000111|01012018|
1711300029963011|75587915011189|01012018|
1711290028423051|75315333005330|01012018|
1711300029964011|42234005000390|01012018|
1711290029966011|04932216000146|01012018|
1711300029967011|75315333013600|01012018|
1711290028137021|23237142000172|01012018|
1711270029968011|48246920000110|01012018|
1711300029969011|75587915014951|01012018|
1711300029970011|21575063000146|01012018|
1711300029962011|02916265025154|01012018|
1711010029550021|83953331000173|01012018|
1711300029831021|75315333005410|01012018|
1711300029972011|75587915015761|01012018|
1711300029955021|75315333013510|01012018|
1711300029973011|08684547003857|01012018|
1711300029974011|05641643000138|01012018|
1711300029975011|77863223000700|01012018|
1711290029976011|05163585000184|01012018|
1711210029935021|17212069000505|01012018|
1711300029978011|75315333013944|01012018|
1711300029977011|59104760001082|01012018|
1711300029979011|75587915018434|01012018|
1711300029980011|23314594003630|01012018|
1711300029981011|75587915021060|01012018|
1711300029982011|06697576000217|01012018|
1711300029984011|40432544073535|01012018|
1711300029986011|10220089000155|01012018|
1711300029987011|79038097009804|01012018|
1711300029985011|83044016001529|01012018|
1711300029988011|75587915026968|01012018|
1711300029990011|77863223001006|01012018|
1711290029991011|03773700000883|01012018|
1711300029992011|33158874000473|01012018|
1711300029993011|75587915028901|01012018|
1711290026904041|75315333013782|01012018|
1711280029994011|00750846000149|01012018|
1711210026433021|01473781001338|01012018|
1711300029995011|40432544074183|01012018|
1711090029996011|23245012000181|01012018|
1711290028356051|75315333004600|01012018|
1711300029997011|02693750002912|01012018|
1711300029998011|40432544075902|01012018|
1711300029999011|03773700001936|01012018|
1711300030000011|33479023002719|01012018|
1711300030002011|07575651000230|01012018|
1711300030005011|79488482000120|01012018|
1711300030006011|40432544078332|01012018|
1711300030007011|75315333016374|01012018|
1711040030004011|00286528000179|01012018|
1711300030009011|33479023002808|01012018|
1711300030010011|33158874001011|01012018|
1711300030011011|03773700005176|01012018|
1711290030008011|52823770000561|01012018|
1711300030013011|03581702000102|01012018|
1711100030014011|61088894002828|01012018|
1711300030015011|33479023003448|01012018|
1711280030016011|76075118000140|01012018|
1711300030017011|07575651000400|01012018|
1711090030018011|23245012000262|01012018|
1711240030019011|07436770000120|01012018|
1711300030020011|12056613000120|01012018|
1711300030022011|33479023003600|01012018|
1711300030023011|00624637000159|01012018|
1711290030021011|00286528000250|01012018|
1711300030027011|01231646000142|01012018|
1711090030028011|23245012000858|01012018|
1711300030029011|33479023003871|01012018|
1711290030025011|59104760000949|01012018|
1711060030026011|15666428000145|01012018|
1711300030033011|17245234000525|01012018|
1711290030031011|00286528000330|01012018|
1711300030034011|33479023007192|01012018|
1711300030036011|40432544080744|01012018|
1711300030037011|07575651000663|01012018|
1711300030039011|48540421001022|01012018|
1711090030040011|23245012000939|01012018|
1711130030041011|11987276000121|01012018|
1711170026663111|75315333004449|01012018|
1711300030042011|33479023008245|01012018|
1711270030043011|60884855000316|01012018|
1711300030038011|83083428000768|01012018|
1711300030044011|17245234003974|01012018|
1711300030045011|07575651000906|01012018|
1711290028315051|75315333004520|01012018|
1711300030048011|48246920000625|01012018|
1711300030049011|40432544081988|01012018|
1711300030050011|07575651002100|01012018|
1711300030051011|33479023011114|01012018|
1711290030047011|00286528000683|01012018|
1711300029201021|61610515000106|01012018|
1711290030052011|00352294000110|01012018|
1711300030053011|42234005000552|01012018|
1711300030054011|07575651002950|01012018|
1711300030056011|33479023012439|01012018|
1711280028662021|59275792000826|01012018|
1711290030055011|00286528000926|01012018|
1711300030059011|08508440000166|01012018|
1711300030057011|62461140001196|01012018|
1711300030060011|07575651003840|01012018|
1711300030058011|00352294000544|01012018|
1711300030061011|33479023013400|01012018|
1711300030062011|84683671000607|01012018|
1711300030064011|11051859000146|01012018|
1711300030066011|53521092000111|01012018|
1711300030067011|42234005001362|01012018|
1711300030068011|04913129004481|01012018|
1711300030069011|07575651004308|01012018|
1711300030071011|33479023018631|01012018|
1711300030065011|00352294000706|01012018|
1711300030072011|03773700003203|01012018|
1711300030074011|07575651005460|01012018|
1711300030070011|00352294000897|01012018|
1711300030075011|06219076000199|01012018|
1711300030073011|00352294001001|01012018|
1711290030078011|01258944000550|01012018|
1711300030079011|25582727000155|01012018|
1711300030080011|07575651006432|01012018|
1711300030081011|77863223001189|01012018|
1711290030082011|52823770000642|01012018|
1711300030076011|00352294001273|01012018|
1711300030083011|79038097003016|01012018|
1711290030085011|01258944003818|01012018|
1711290030086011|62356969000157|01012018|
1711300030084011|00352294003640|01012018|
1711300030089011|72770878000206|01012018|
1711290030090011|01258944004202|01012018|
1711290030092011|24962466000217|01012018|
1711300030087011|00352294001605|01012018|
1711300030091011|00352294002598|01012018|
1711070030095011|42563692001289|01012018|
1711290030096011|24962466000136|01012018|
1711300030098011|72770878000389|01012018|
1711290030099011|02502844000166|01012018|
1711300030094011|00352294002407|01012018|
1711300030097011|79109948000130|01012018|
1711210030030021|48540421000212|01012018|
1711300030100011|00352294003217|01012018|
1711290030103011|03835338000151|01012018|
1711300030077021|04913129002004|01012018|
1711300030104011|60884855001630|01012018|
1711290030101011|00352294003306|01012018|
1711300030105011|77863223001502|01012018|
1711300030106011|60625829000101|01012018|
1711300030107011|28497394000154|01012018|
1711290026694181|75315333005682|01012018|
1711300029408021|60409075040537|01012018|
1711300030109011|04067191000160|01012018|
1711300030110011|48540421001537|01012018|
1711300030111011|04067191000240|01012018|
1711290030108011|00352294006232|01012018|
1711130028646031|59275792000150|01012018|
1711300029221021|60409075010620|01012018|
1711300030113011|79038097006201|01012018|
1711300030114011|10984821000163|01012018|
1711300030116011|46223723000150|01012018|
1711290030112011|00352294007204|01012018|
1711300030118011|40432544082011|01012018|
1711300030102021|72770878000117|01012018|
1711300030115011|59107938001200|01012018|
1711300030117011|00352294007638|01012018|
1711240025750021|33372251000407|01012018|
1711300029971021|75315333013863|01012018|
1711300030119011|00352294008600|01012018|
1711300030120011|03470727000120|01012018|
1711300030121011|77863223002070|01012018|
1711300030122011|75228825005800|01012018|
1711100030123011|42563692001955|01012018|
1711300030124011|12926764000191|01012018|
1711300030125011|62461140002087|01012018|
1711300030126011|52770005000105|01012018|
1711300029448051|83875005000195|01012018|
1711290027016041|75315333005763|01012018|
1711300030127011|18011878000198|01012018|
1711270025788021|33372251002442|01012018|
1711300030129011|75315333014088|01012018|
1711270025771021|33372251006278|01012018|
1711300030130011|75315333005844|01012018|
1711300030133011|18920635000172|01012018|
1711300030131011|79379491001660|01012018|
1711300030136011|33372251006600|01012018|
1711010030137011|03766415000169|01012018|
1711300029665021|83875005000276|01012018|
1711300030135011|75315333014169|01012018|
1711300030138011|33372251008564|01012018|
1711300030139011|05497780000140|01012018|
1711300030140011|77863223002150|01012018|
1711300030141011|02485183000108|01012018|
1711290030143011|52823770000723|01012018|
1711290028412031|75315333005925|01012018|
1711270025794021|33372251012677|01012018|
1711300030144011|72399710000147|01012018|
1711300030145011|07436770008377|01012018|
1711230030146011|00066062000104|01012018|
1711300030147011|79038097005817|01012018|
1711290030142011|59104760000787|01012018|
1711300030148011|11137051006540|01012018|
1711290030150011|08563347000405|01012018|
1711240025777021|33372251000156|01012018|
1711290030152011|04405064000123|01012018|
1711300030153011|30161814000250|01012018|
1711270025740021|33372251001985|01012018|
1711300030149011|62461140001862|01012018|
1711300030151021|75315333006069|01012018|
1711300030132021|96216429002486|01012018|
1711270030155011|33372251007240|01012018|
1711270030156011|00029920000132|01012018|
1711300030154011|02914460000312|01012018|
1711300030158011|77863223002584|01012018|
1711300030159011|30161814000179|01012018|
1711300030157011|02914460003923|01012018|
1711300030160011|02914460007406|01012018|
1711300030164011|02077546000176|01012018|
1711300030161011|83083428002469|01012018|
1711280030163011|79379491005061|01012018|
1711300030165011|18823724000877|01012018|
1711300030166011|75228825003000|01012018|
1711300030167011|74101569002123|01012018|
1711300030169011|03213457000253|01012018|
1711300030168011|79379491005819|01012018|
1711300030170011|74101569001666|01012018|
1711290030171011|04409637000197|01012018|
1711300030173011|43767540000108|01012018|
1711300030174011|04727091000112|01012018|
1711300030177011|06219525000107|01012018|
1711300030172011|62461140002320|01012018|
1711300030175011|02914460009611|01012018|
1711300030179011|15759157000172|01012018|
1711300030176011|79379491008672|01012018|
1711300030180011|74101569000856|01012018|
1711300030178011|02914460010547|01012018|
1711300030184011|77863223004447|01012018|
1711300030181011|83083428006707|01012018|
1711300030182011|02914460011438|01012018|
1711060030183011|51482776000126|01012018|
1711300030187011|08199996002757|01012018|
1711290030189011|52823770000804|01012018|
1711300030185011|02914460017398|01012018|
1711300030186011|79379491008834|01012018|
1711300030191011|08199996003486|01012018|
1711300030188011|02914460019099|01012018|
1711290030193011|13004510001908|01012018|
1711300030001031|62461140000548|01012018|
1711300030190011|02914460021581|01012018|
1711300030195011|08199996004296|01012018|
1711300030196011|42234005001443|01012018|
1711300030198011|02348861000190|01012018|
1711300030194011|02914460022049|01012018|
1711300030200011|75228825006955|01012018|
1711300030201011|08199996006230|01012018|
1711300030197011|79379491008915|01012018|
1711300030199011|02914460022987|01012018|
1711300030204011|77863223004790|01012018|
1711300030206011|08199996006663|01012018|
1711300030203011|02914460023100|01012018|
1711300030032021|62461140000890|01012018|
1711240030207011|52311289000163|01012018|
1711300030205011|02914460024092|01012018|
1711290030209011|13004510014481|01012018|
1711230030210011|50648468000165|01012018|
1711300030208011|02914460025226|01012018|
1711300029983021|75315333014240|01012018|
1711300030211011|27177468000102|01012018|
1711300029931021|62461140000971|01012018|
1711290030213011|13004510014058|01012018|
1711300030214011|02916265009388|01012018|
1711280028526021|19733914000190|01012018|
1711030028899021|10851805000364|01012018|
1711300030212011|02914460025900|01012018|
1711300030215011|75228825007501|01012018|
1711030028900021|10851805000445|01012018|
1711300030217011|02916265025588|01012018|
1711300030093021|62461140002672|01012018|
1711300029580021|80228190000138|01012018|
1711280028921021|79379491002984|01012018|
1711300030219011|53905543000467|01012018|
1711300030220011|02916265024697|01012018|
1711300030216011|02916265010637|01012018|
1711300030218011|02916265015434|01012018|
1711030028902021|10851805000879|01012018|
1711280028919021|79379491002801|01012018|
1711300030222011|02916265023615|01012018|
1711300030223011|02916265021167|01012018|
1711160030224011|00063960001504|01012018|
1711300030221011|02916265017569|01012018|
1711030028901021|10851805000526|01012018|
1711300030226011|00000993000100|01012018|
1711300030227011|02916265021833|01012018|
1711300030225011|83083428003279|01012018|
1711160030228011|00063960001172|01012018|
1711160030229011|00063960000796|01012018|
1711290026922021|75315333014401|01012018|
1711300030230011|75228825005711|01012018|
1711240029346021|59104422002446|01012018|
1711300030231011|07436770007990|01012018|
1711300030134021|52850682001288|01012018|
1711030028903021|10851805001093|01012018|
1711170030232011|00063960006050|01012018|
1711060030233011|87020517000120|01012018|
1711290030234011|52823770000995|01012018|
1711080030236011|00063960007375|01012018|
1711230029361021|59104422005704|01012018|
1711300030162021|15524459000161|01012018|
1711300030237011|40432544082607|01012018|
1711270030238011|44023471000190|01012018|
1711280030235021|19021576000163|01012018|
1711160030239011|84229624000175|01012018|
1711210026722041|75315333006301|01012018|
1711270030241011|44023471000271|01012018|
1711300030240011|08505736000123|01012018|
1711300030244011|40432544084650|01012018|
1711300030245011|52850682000478|01012018|
1711300030242011|08505736000395|01012018|
1711080030243011|00063960023575|01012018|
1711300030246011|08772242000105|01012018|
1711300030248011|75228825000914|01012018|
1711300030250011|58180316000192|01012018|
1711160030249011|00063960037797|01012018|
1711290028033031|75315333014673|01012018|
1711300030251011|93209765037460|01012018|
1711270029437021|17262213002480|01012018|
1711290030253011|52823770001029|01012018|
1711300030247021|75315333006492|01012018|
1711300030252011|83054395010014|01012018|
1711280030254011|00280273000137|01012018|
1711300030255011|78153962000178|01012018|
1711230030256011|04699128000146|01012018|
1711280030257011|44023661003719|01012018|
1711300030260011|77863223006571|01012018|
1711300030258011|08505736001367|01012018|
1711300030261011|05341567000145|01012018|
1711300030262011|21536523000127|01012018|
1711300030259011|95770954000190|01012018|
1711300030263011|03470727000201|01012018|
1711240030264011|44023661000108|01012018|
1711290030265011|86375425000109|01012018|
1711290026978031|75315333014754|01012018|
1711290030266011|02709449000159|01012018|
1711280030267011|44023661002402|01012018|
1711290028524021|75315333006573|01012018|
1711300030269011|17262213018131|01012018|
1711300030268011|79038097007003|01012018|
1711290030270011|12512640000160|01012018|
1711270030271011|06352011000117|01012018|
1711280030272011|44023661004367|01012018|
1711300030273011|44023661006491|01012018|
1711300030275011|17262213028447|01012018|
1711290027794021|75315333006654|01012018|
1711300030274011|43035146000185|01012018|
1711280030278011|44023661008192|01012018|
1711300030279011|58180316001598|01012018|
1711300030276011|83203992000181|01012018|
1711300030277011|43035146000266|01012018|
1711300030281011|17262213020705|01012018|
1711300030280011|43035146000932|01012018|
1711160030283011|08762826000108|01012018|
1711300030287011|44023661010170|01012018|
1711300030282011|79038097007437|01012018|
1711300030284011|43035146001076|01012018|
1711300030285011|83054395005959|01012018|
1711300030288011|58180316002217|01012018|
1711300030286011|06126425000390|01012018|
1711300030290011|00028986004600|01012018|
1711300030292011|60211893000146|01012018|
1711300030289011|43035146001157|01012018|
1711300030293011|44996072000106|01012018|
1711300030291011|43035146001238|01012018|
1711280030295011|02164892000191|01012018|
1711300030296011|14012270000127|01012018|
1711300030294011|43035146001319|01012018|
1711300030298011|42873091000110|01012018|
1711300030297011|43035146001580|01012018|
1711270030300011|17262213026312|01012018|
1711300030302011|07137359000154|01012018|
1711290030299011|00352294015657|01012018|
1711290028228031|75315333006816|01012018|
1711300030304011|18516305000116|01012018|
1711300030301011|09437632000515|01012018|
1711280030305011|07956625000170|01012018|
1711170030306011|16521601000180|01012018|
1711280030307011|00348003007204|01012018|
1711300030308011|02455233002409|01012018|
1711270030310011|00482840000138|01012018|
1711300030309011|77863223006733|01012018|
1711300030311011|00028986004952|01012018|
1711300030312011|11286546000177|01012018|
1711300030313011|83054395002500|01012018|
1711300030192021|93785822000106|01012018|
1711300030316011|77863223007110|01012018|
1711300030303021|47987706000152|01012018|
1711300030314011|43035146001661|01012018|
1711290030315011|00352294015738|01012018|
1711290030318011|02455233000708|01012018|
1711300030320011|00028986002070|01012018|
1711300030317011|43035146001742|01012018|
1711280030321011|19569903000116|01012018|
1711300030319011|43035146001904|01012018|
1711300030322011|01886441000286|01012018|
1711300030323011|00028986004871|01012018|
1711290026952111|75315333007030|01012018|
1711300030325011|09437632000434|01012018|
1711300030326011|43035146003010|01012018|
1711290030327011|06917587000184|01012018|
1711290030328011|02455233000961|01012018|
1711280030330011|03225984000105|01012018|
1711300030329011|43035146004172|01012018|
1711300030331011|02455233001186|01012018|
1711300030332011|02455233001267|01012018|
1711290030335011|02455233001348|01012018|
1711290026972051|75315333007111|01012018|
1711300030337011|10390133000175|01012018|
1711300030333011|79038097003520|01012018|
1711300030339011|12450324000100|01012018|
1711300030334011|43035146004415|01012018|
1711300030340011|16521601000694|01012018|
1711290030341011|02455233001429|01012018|
1711240030336011|00281668000154|01012018|
1711300030338011|43035146005225|01012018|
1711300030343011|77863223007209|01012018|
1711300030344011|01886441000529|01012018|
1711300030342011|33609496000154|01012018|
1711280030346011|61156568000190|01012018|
1711290030347011|02455233001690|01012018|
1711300030349011|90852914000173|01012018|
1711300030345011|43035146005497|01012018|
1711300030348011|43035146005578|01012018|
1711240030350011|61156568002720|01012018|
1711290030351011|02455233001771|01012018|
1711290028447051|75315333007200|01012018|
1711290030352011|02455233001852|01012018|
1711290027937031|45990181000189|01012018|
1711290030353011|02455233001933|01012018|
1711300030354011|00028986007030|01012018|
1711300030355011|11816160000120|01012018|
1711300030356011|95591723000208|01012018|
1711280030357011|61156568003882|01012018|
1711300030358011|83203992000505|01012018|
1711300030359011|19792977000389|01012018|
1711300030360011|77863223007705|01012018|
1711300030361011|02455233002239|01012018|
1711290028897021|79379491001821|01012018|
1711300030364011|41854811000137|01012018|
1711300029865031|03380763000284|01012018|
1711300030363011|69270833000250|01012018|
1711170030367011|82602327000360|01012018|
1711080030365021|18538045000180|01012018|
1711300029913031|03380763000446|01012018|
1711300030370011|77863223007977|01012018|
1711300030366011|69270833000764|01012018|
1711300028958021|79379491007781|01012018|
1711240030368011|15191786000220|01012018|
1711300030369011|69270833002201|01012018|
1711300029965031|03380763000870|01012018|
1711300030373011|00028986000701|01012018|
1711280028936031|79379491006548|01012018|
1711300030362031|75315333007464|01012018|
1711300030372011|79038097009723|01012018|
1711300030371011|93209765028631|01012018|
1711300029989041|03380763001175|01012018|
1711300030377011|95591723000542|01012018|
1711300030378011|61613287000110|01012018|
1711300030374011|00116506000160|01012018|
1711300030379011|05552129000126|01012018|
1711290028280061|75315333006140|01012018|
1711300030375011|83054395007145|01012018|
1711300030376011|00116506000322|01012018|
1711300030380011|00116506000403|01012018|
1711300030383011|76743012000178|01012018|
1711170026754021|75315333007545|01012018|
1711300030088031|03380763001418|01012018|
1711300030381011|00116506000594|01012018|
1711300030385011|21090016000102|01012018|
1711220030386011|61095923000169|01012018|
1711300030382011|00116506000675|01012018|
1711300030387011|00116506001051|01012018|
1711150030388011|60643228012219|01012018|
1711300030384011|00116506000918|01012018|
1711300030389011|75315333007707|01012018|
1711290030392011|35768720000186|01012018|
1711300030393011|77863223008787|01012018|
1711300030395011|58565771000106|01012018|
1711300030391011|00116506001302|01012018|
1711300030394011|00116506001566|01012018|
1711270030398011|03012197000177|01012018|
1711290028066031|75315333014592|01012018|
1711300030399011|95591723001271|01012018|
1711290030400011|03342704000130|01012018|
1711300030396011|00116506002376|01012018|
1711290028327021|75315333007898|01012018|
1711290028165031|75315333014835|01012018|
1711300030397011|79038097009995|01012018|
1711300030401011|01886441000367|01012018|
1711300030402011|58565813000290|01012018|
1711150030046021|83310441002756|01012018|
1711300030405011|77863223009678|01012018|
1711300030403011|67837138000382|01012018|
1711300030407011|50222694000260|01012018|
1711300030408011|04012043000148|01012018|
1711300030406011|67837138000463|01012018|
1711300030390021|01836843000195|01012018|
1711300030410011|60874005000760|01012018|
1711290026992041|75315333008193|01012018|
1711300030412011|77863223009830|01012018|
1711300030409011|04975356000100|01012018|
1711300030128021|03380763001507|01012018|
1711300030414011|61887741000716|01012018|
1711300030415011|19485822000138|01012018|
1711300030416011|03470727001607|01012018|
1711300030413011|57940918000480|01012018|
1711300030419011|46014122001452|01012018|
1711130030417011|00831373000104|01012018|
1711300030420011|54823455000721|01012018|
1711300030418011|46643466000106|01012018|
1711300030421011|46014122001533|01012018|
1711300030423011|01886441000600|01012018|
1711300030424011|46014122002939|01012018|
1711060030425011|75084871000130|01012018|
1711300030427011|08201770000104|01012018|
1711220024841041|33000167000101|01012018|
1711300030428011|60874005001309|01012018|
1711300030422011|33182809000564|01012018|
1711300030430011|77863223010170|01012018|
1711300030432011|46014122003072|01012018|
1711300030426011|33182809001536|01012018|
1711070030433011|75084871000300|01012018|
1711300030431011|33182809001706|01012018|
1711290028186021|75315333008274|01012018|
1711300030436011|46090221000107|01012018|
1711300030434011|03367065000320|01012018|
1711300030437011|60874005001490|01012018|
1711290028424021|75315333014916|01012018|
1711300030438011|03367065000672|01012018|
1711300030439011|06225970000171|01012018|
1711300030435011|03367065000400|01012018|
1711300030440011|77863223010684|01012018|
1711300030441011|01751967000925|01012018|
1711290027011031|75315333008355|01012018|
1711300030442011|00272073000132|01012018|
1711290028465021|75315333015130|01012018|
1711300030443011|95591723002910|01012018|
1711300030445011|60874005002542|01012018|
1711300030447011|77863223010846|01012018|
1711240030444011|44734671000402|01012018|
1711290027821051|75315333008517|01012018|
1711300030446011|00831373000295|01012018|
1711210030324021|04866063000186|01012018|
1711290030449011|13699433000129|01012018|
1711300030450011|60874005002704|01012018|
1711280030448011|44734671000828|01012018|
1711300030451011|62258884001884|01012018|
1711300030454011|60874005003514|01012018|
1711300030455011|77863223011060|01012018|
1711300030457011|54823455000802|01012018|
1711270030459011|78016003000100|01012018|
1711300030453011|75315333008606|01012018|
1711300030462011|45992724000105|01012018|
1711300030456011|62258884004719|01012018|
1711280030458011|44734671001638|01012018|
1711300030463011|60874005004081|01012018|
1711290030465011|42150391002203|01012018|
1711240029459021|01618551000690|01012018|
1711300030466011|45992724000792|01012018|
1711300030464011|62258884007572|01012018|
1711300030468011|60874005005720|01012018|
1711280026441021|33000167013270|01012018|
1711300030467011|62258884009869|01012018|
1711270030470011|78016003000615|01012018|
1711300030469011|62258884011332|01012018|
1711300030472011|60643228047357|01012018|
1711300030474011|60874005008079|01012018|
1711300030475011|45992724001764|01012018|
1711290028031061|75315333008860|01012018|
1711300030471011|62258884012223|01012018|
1711300030476011|77863223011222|01012018|
1711300030460021|93785822000459|01012018|
1711300030473011|62258884014196|01012018|
1711300030477011|59335976000168|01012018|
1711300030478011|85201184000100|01012018|
1711010025870021|13060983000365|01012018|
1711300030479011|45992724001845|01012018|
1711270030480011|78016003001778|01012018|
1711300030481011|61520607000600|01012018|
1711290027967021|75315333008940|01012018|
1711300030482011|95591723003800|01012018|
1711050029433031|60409075000152|01012018|
1711300030484011|45992724002302|01012018|
1711300030486011|45992724002493|01012018|
1711300030487011|03573324001774|01012018|
1711300030485011|61520607001320|01012018|
1711300030488011|77863223011656|01012018|
1711300030489011|00355771000100|01012018|
1711300030490011|45992724002574|01012018|
1711290030491011|20770566000533|01012018|
1711300029820021|75315333009084|01012018|
1711290030492011|78016003001859|01012018|
1711290030493011|03573324000700|01012018|
1711300030494011|95591723004963|01012018|
1711300030483021|20770566000100|01012018|
1711290030495011|08474087000302|01012018|
1711290030497011|03573324001936|01012018|
1711300030498011|68059674000103|01012018|
1711290030499011|20770566001505|01012018|
1711290030500011|78016003002073|01012018|
1711300030404031|83054395001023|01012018|
1711290028047021|75315333009165|01012018|
1711290030501011|03573324002584|01012018|
1711300030496011|04049497001246|01012018|
1711300030502011|95591723005935|01012018|
1711300030503011|20770566004369|01012018|
1711290030504011|03573324002827|01012018|
1711300030505011|20770566004440|01012018|
1711290030506011|78016003002154|01012018|
1711300030507011|20770566008607|01012018|
1711300030508011|77863223012709|01012018|
1711300030509011|20770566009328|01012018|
1711290030511011|78016003002235|01012018|
1711100028648021|13380006000183|01012018|
1711300030512011|95591723008101|01012018|
1711290027021041|75315333009246|01012018|
1711290030513011|78016003002316|01012018|
1711300030461021|62258884007300|01012018|
1711300030452021|62258884002503|01012018|
1711290030515011|78016003002405|01012018|
1711300030516011|95591723008365|01012018|
1711300030517011|01466431000100|01012018|
1711300030514011|75315333009327|01012018|
1711290030518011|78016003002669|01012018|
1711290028366021|75315333009408|01012018|
1711300030519011|95591723009175|01012018|
1711290030520011|78016003002740|01012018|
1711300030521011|46178828000135|01012018|
1711300030523011|46014122000642|01012018|
1711290030524011|78016003002901|01012018|
1711300030411061|22770366000182|01012018|
1711300030525011|77863223013780|01012018|
1711070030526011|62070362001188|01012018|
1711300030522011|17077702000176|01012018|
1711300030527011|78016003003045|01012018|
1711300030529011|95591723009418|01012018|
1711300030528011|12969389000167|01012018|
1711070030531011|62070362000459|01012018|
1711300030532011|69037463000205|01012018|
1711300030533011|10910748001076|01012018|
1711300030530011|03558482000198|01012018|
1711300030534011|06975199002446|01012018|
1711300030535011|69037463001449|01012018|
1711290027744061|75315333009831|01012018|
1711300030537011|10910748001319|01012018|
1711300030536011|03505185000184|01012018|
1711300030540011|95591723009760|01012018|
1711300030541011|45992724000288|01012018|
1711300030542011|10910748001408|01012018|
1711300030538011|03505185000427|01012018|
1711300030543011|07131201000177|01012018|
1711300030545011|00886368000107|01012018|
1711070030544011|62070362000106|01012018|
1711300030539011|75315333010252|01012018|
1711300030546011|01886441001177|01012018|
1711300030547011|45992724000440|01012018|
1711130030550011|18404913000139|01012018|
1711300030549011|10910748001580|01012018|
1711300030552011|45992724001098|01012018|
1711300030548011|17077702001229|01012018|
1711090030554011|63004030002482|01012018|
1711300030551011|83054395004391|01012018|
1711300030555011|17311358000138|01012018|
1711290030553011|07032886000102|01012018|
1711300030556011|11419911000417|01012018|
1711290026993021|75315333010767|01012018|
1711090030558011|63004030004183|01012018|
1711300030559011|11419911000760|01012018|
1711290030560011|08474087000817|01012018|
1711300030562011|95591723009922|01012018|
1711090030564011|63004030004426|01012018|
1711300030565011|11419911000840|01012018|
1711300030561011|08623970000902|01012018|
1711090030567011|63004030004698|01012018|
1711300030568011|71385777000160|01012018|
1711300029546031|10331731000173|01012018|
1711290028232051|03853896000220|01012018|
1711300030563011|08623970001550|01012018|
1711300030569011|11419911001065|01012018|
1711300030566011|08623970001712|01012018|
1711290030570011|08623970002107|01012018|
1711300030572011|95591723011820|01012018|
1711290030571011|08623970002280|01012018|
1711290030574011|08474087001201|01012018|
1711300030573011|08623970002360|01012018|
1711300030575011|47423637000154|01012018|
1711300030576011|95591723011900|01012018|
1711280030577011|82956889000140|01012018|
1711300030578011|06975199000311|01012018|
1711300030579011|58960410000245|01012018|
1711300030580011|95591723012206|01012018|
1711300029541031|05300331000241|01012018|
1711300030581011|03853896001545|01012018|
1711300030583011|89674782001391|01012018|
1711290030584011|08474087001384|01012018|
1711300030582011|83054395000132|01012018|
1711280026341021|33000167024639|01012018|
1711300030585011|95591723012710|01012018|
1711290027980021|75315333015211|01012018|
1711300030586011|95591723012630|01012018|
1711300030587011|01886441001410|01012018|
1711300030588011|95591723012478|01012018|
1711270028684021|17262213013091|01012018|
1711300030557021|08623970000406|01012018|
1711300030589011|01030942000428|01012018|
1711300030590011|95591723015655|01012018|
1711290030592011|08474087001627|01012018|
1711300030593011|17340597000116|01012018|
1711290030594011|12185833000153|01012018|
1711300030591011|07599667000100|01012018|
1711280030595011|01030942000185|01012018|
1711300030597011|03853896000301|01012018|
1711300030598011|45992724001500|01012018|
1711300030596011|07057072000114|01012018|
1711300030601011|95591723016201|01012018|
1711300030602011|05566002000590|01012018|
1711300030603011|78815958000713|01012018|
1711290030604011|08389498000138|01012018|
1711300030600011|01832326000148|01012018|
1711130030606011|85778074000106|01012018|
1711010024043551|45693777000117|01012018|
1711290030607011|08474087003832|01012018|
1711300030608011|82945932000171|01012018|
1711300030605011|01832326003678|01012018|
1711290030610011|11026031000138|01012018|
1711300030612011|95591723015221|01012018|
1711300030613011|10541089000157|01012018|
1711300030609011|00292081000140|01012018|
1711290030611011|00292081000817|01012018|
1711100030615011|01848287000177|01012018|
1711300030616011|95591723013016|01012018|
1711300030618011|01886441002149|01012018|
1711300030617011|10439447000387|01012018|
1711290030429051|43963933000197|01012018|
1711290030621011|08474087004138|01012018|
1711300030619011|75315333016102|01012018|
1711300030620011|83054395000647|01012018|
1711300030622011|03853896000735|01012018|
1711290030599021|60831104000331|01012018|
1711300030623011|01886441002068|01012018|
1711300030003021|75315333016293|01012018|
1711300030624011|06975199002012|01012018|
1711300030625011|14592592000192|01012018|
1711300030626011|04743858000105|01012018|
1711290030628011|08474087004219|01012018|
1711290027928031|16365025000129|01012018|
1711300030627011|75315333016536|01012018|
1711300030629011|47270210000163|01012018|
1711280030631011|19968059000104|01012018|
1711290030633011|08474087004642|01012018|
1711290028111031|75315333016617|01012018|
1711300030634011|06975199000583|01012018|
1711300030012021|75315333016706|01012018|
1711300030635011|97755607000385|01012018|
1711300030636011|75315333016889|01012018|
1711200030637011|04102167000114|01012018|
1711300030638011|75315333016960|01012018|
1711300030639011|83054395005010|01012018|
1711300030630021|97755607000113|01012018|
1711220028797021|09061476000107|01012018|
1711290026975021|75315333017001|01012018|
1711300030641011|01886441001096|01012018|
1711300030642011|06975199002101|01012018|
1711290026928051|75315333017184|01012018|
1711010030643011|03573863000146|01012018|
1711100030644011|02454348000184|01012018|
1711300030645011|04817052000106|01012018|
1711300030614021|06975199000150|01012018|
1711290030646011|03853896001200|01012018|
1711300030647011|03573863000227|01012018|
1711290028486021|75315333017265|01012018|
1711290030510021|08474087000655|01012018|
1711300030648011|03573863000308|01012018|
1711290028476021|75315333017427|01012018|
1711300030650011|03573863000650|01012018|
1711300030649011|07899970000110|01012018|
1711300030651011|03573863000731|01012018|
1711300030652011|03573863000812|01012018|
1711290030640021|08474087004804|01012018|
1711300030653011|03573863000901|01012018|
1711300030632021|34484188000102|01012018|
1711280028867021|79379491000850|01012018|
1711300030654011|03573863001207|01012018|
1711300030655011|03573863001380|01012018|
1711300030656011|03573863001460|01012018|
1711300030657011|03573863001541|01012018|
1711300030658011|03573863001894|01012018|
1711290030659011|43235985000228|01012018|
1711300030660011|03573863001975|01012018|
1711300030661011|03573863002009|01012018|
1711300030662011|43235985000309|01012018|
1711300030663011|03573863002190|01012018|
1711300030665011|03573863002351|01012018|
1711300030664011|03573863002270|01012018|
1711300030666011|43235985000732|01012018|
1711300030667011|43235985000902|01012018|
1711300030669011|60643228017440|01012018|
1711250030670011|07272825000457|01012018|
1711300030671011|53558342001593|01012018|
1711300030672011|11630923000143|01012018|
1711290030673011|07272825001186|01012018|
1711300030674011|53558342004185|01012018|
1711300030675011|53558342005823|01012018|
1711300030676011|00514820000100|01012018|
1711290030677011|07272825001267|01012018|
1711300030678011|07272825001348|01012018|
1711300030679011|05017780002301|01012018|
1711300030680011|07272825001690|01012018|
1711300030681011|07272825001852|01012018|
1711300030682011|80959513000163|01012018|
1711300030683011|07272825002077|01012018|
1711300030684011|07272825002743|01012018|
1711300030685011|05017780001844|01012018|
1711300030686011|50784057000369|01012018|
1711080030687011|16617789000164|01012018|
1711300030688011|29737368001433|01012018|
1711080030689011|05541925000163|01012018|
1711300030690011|05017780001178|01012018|
1711010030691011|04337168000148|01012018|
1711300030692011|07827773000195|01012018|
1711220030693011|04337168000490|01012018|
1711290026612041|75315333015300|01012018|
1711220030694011|04337168000652|01012018|
1711290028375021|75315333015564|01012018|
1711300030695011|08597765000324|01012018|
1711290028173021|75315333015726|01012018|
1711220030697011|04337168000814|01012018|
1711300030698011|75315333015998|01012018|
1711100030699011|29853942000102|01012018|
1711220030700011|04337168001110|01012018|
1711290028002041|75315333016021|01012018|
1711220030701011|04337168001462|01012018|
1711220030702011|04337168001543|01012018|
1711300030703011|11312620000263|01012018|
1711300030668021|11312655000200|01012018|
1711220030704011|04337168001624|01012018|
1711220030705011|04337168001705|01012018|
1711220030706011|04337168001896|01012018|
1711300030707011|01515569000152|01012018|
1711300030708011|29737368003487|01012018|
1711220030709011|04337168002191|01012018|
1711290026984021|75315333014320|01012018|
1711300030710011|79941506000155|01012018|
1711300030711021|60561800000103|01012018|
1711300030712011|60561800001690|01012018|
1711290028866021|79655916000130|01012018|
1711300030713011|60561800004109|01012018|
1711300030714011|29853942000609|01012018|
1711290026673071|75315333005178|01012018|
1711290030696031|01771241000105|01012018|
1711300030202111|75315333006220|01012018|
1711300030715011|29853942001095|01012018|
1711170030024031|48540421000131|01012018|
1711300030717011|29853942001257|01012018|
1711300030718011|12985229000101|01012018|
1711300030716021|81645525000186|01012018|
1711270025872031|00332833000826|01012018|
1711300030719011|03938233000390|01012018|
1711300030035021|48540421000646|01012018|
1711300030063021|48540421002002|01012018|
1711300030720011|08070508006966|01012018|
1711300030721011|08070508000330|01012018|
1711300030722011|13312641000123|01012018|
1711290028542021|31341209000142|01012018|
1711300030723011|08070508008314|01012018|
1711300030724011|08070508012001|01012018|
1711270025881021|37162435000142|01012018|
1711300030725011|08070508012265|01012018|
1711300030726011|08070508009477|01012018|
1711300030727011|86889854000196|01012018|
1711300030728011|28851889000210|01012018|
